image_name,cell_count,mean_deformability,std_deformability,min_deformability,max_deformability,mean_area,total_area
image.0059_with_target,16,-0.026526711938303638,0.4518516741859842,-0.401247804099482,1.0,69.5,1112
image.0096_with_target,10,0.4844489914320988,0.418966712331027,-0.01408873712418357,0.8565891481861388,4794.2,47942
image.0108_with_target,12,0.19513543665682367,0.7406243805218266,-1.0783863689617394,0.8329400116920094,3916.1666666666665,46994
image.0111_with_target,22,0.19922838280366492,0.4913515730162361,-0.30948203685458964,1.0,1888.7272727272727,41552
image.0129_with_target,58,-0.01226475527451359,0.39550793410795526,-0.7724538509055157,1.0,634.3103448275862,36790
image.0156_with_target,20,0.14193935418463907,0.39367265843119514,-0.534153635010947,0.8413043026205171,2353.1,47062
image.0164_with_target,12,-0.06444535146186896,0.5374917549960634,-0.534153635010947,1.0,245.33333333333334,2944
image.0202_with_target,14,0.4748053342670251,0.39836278566534966,0.027587746357342402,1.0,2799.0,39186
image.0220_with_target,28,-0.1377731119744692,0.41050467089473225,-0.534153635010947,1.0,8.642857142857142,242
image.0242_with_target,14,-0.08818132563492613,0.5241132562097354,-0.534153635010947,1.0,219.85714285714286,3078
image.0260_with_target,18,-0.31212752928642534,0.24588401590066747,-0.534153635010947,0.18325213309583332,198.11111111111111,3566
image.0289_with_target,20,-0.6304997128112642,1.6412697732000636,-5.139960247678931,1.0,13.1,262
image.0321_with_target,20,-0.00582290905896723,0.3808036239290522,-0.401247804099482,1.0,183.7,3674
image.0413_with_target,24,0.32690566480180167,0.37503068854532823,-0.19161618898774213,1.0,1966.5833333333333,47198
image.0426_with_target,16,0.35822014727851703,0.48548531136407164,-0.30948203685458964,1.0,2606.5,41704
image.0429_with_target,12,-0.17624473342335326,0.572867925962518,-0.534153635010947,1.0,5.333333333333333,64
image.0440_with_target,24,0.11035851426410757,0.5304594527235468,-0.401247804099482,1.0,1748.75,41970
image.0461_with_target,8,0.5630314732155391,0.34483258761766766,0.023457665262236582,0.8547957348712507,6710.25,53682
image.0516_with_target,20,-0.03393660887114839,0.45261481674739135,-0.534153635010947,1.0,168.6,3372
image.0686_with_target,6,0.8036634644775962,0.06185824974889475,0.723882187871317,0.8465979087535394,7811.333333333333,46868
image.0689_with_target,22,0.06769362691471345,0.4499941000100038,-0.401247804099482,0.8734275775296618,1642.6363636363637,36138
image.0714_with_target,8,0.5623587785731579,0.3547755648401846,-0.0028948416594789528,0.8430300461699338,6049.0,48392
image.0769_with_target,24,0.12716380669887434,0.5184502732916637,-0.401247804099482,1.0,1771.0833333333333,42506
image.0830_with_target,12,0.24325420761675456,0.5790397925459567,-0.401247804099482,1.0,251.66666666666666,3020
image.0896_with_target,10,0.5156779935453175,0.28871844687801707,0.03249273185500656,0.8259644784072199,5387.8,53878
image.0898_with_target,20,0.2204838619093746,0.5086992778888066,-0.401247804099482,1.0,1804.9,36098
image.0907_with_target,24,0.08788426162101214,0.46018839200522804,-0.534153635010947,1.0,137.16666666666666,3292
image.0932_with_target,46,-0.20259878018453983,0.5213088066600383,-1.3447360499173753,0.8721745573515565,773.4782608695652,35580
image.0946_with_target,38,-0.0765498028246482,0.4420887646259911,-0.534153635010947,0.8317495191135567,1246.157894736842,47354
image.1018_with_target,18,-0.015416584805544396,0.27224609645388004,-0.534153635010947,0.24685193560750818,187.66666666666666,3378
image.1027_with_target,48,-0.044551499391650505,0.4714531821665368,-0.7724538509055157,1.0,745.3333333333334,35776
image.1032_with_target,22,0.0822818278620261,0.4486670270646368,-0.534153635010947,0.8721765893692593,2154.181818181818,47392
image.1033_with_target,18,0.17987085713737339,0.410357830457048,-0.534153635010947,0.8663968001457754,2631.222222222222,47362
image.1053_with_target,16,-0.035447114882152506,0.6425860542563293,-0.534153635010947,1.0,198.375,3174
image.1104_with_target,22,0.2230821901588298,0.44236109736080725,-0.401247804099482,1.0,1786.3636363636363,39300
image.1123_with_target,12,-0.15818951244785914,0.545347446937011,-0.534153635010947,1.0,5.833333333333333,70
image.1214_with_target,14,-0.09588381324981217,0.5208781365159769,-0.534153635010947,1.0,225.57142857142858,3158
image.1226_with_target,26,0.13215296900984513,0.49657986311132646,-0.534153635010947,1.0,1611.0,41886
image.1249_with_target,14,0.3650477674643067,0.36851333519860946,-0.022263874467276068,0.8390836454547945,3398.285714285714,47576
image.1269_with_target,26,-0.09931756985192308,0.7097065607129205,-1.3447360499173753,1.0,1366.2307692307693,35522
image.1275_with_target,18,0.0870357916953019,0.38646633061920244,-0.19161618898774213,1.0,194.22222222222223,3496
image.1303_with_target,8,0.5542379584335764,0.33791861164389203,0.021396212513267066,0.8337002521463048,6747.75,53982
image.1304_with_target,30,0.14869231506690728,0.44342343594091105,-0.401247804099482,1.0,1319.7333333333333,39592
image.1350_with_target,26,0.2224782727118123,0.3627937698643356,-0.401247804099482,0.8705587302895346,1638.8461538461538,42610
image.1366_with_target,22,0.2024469604213931,0.4973397991825132,-0.401247804099482,1.0,1627.6363636363637,35808
image.1415_with_target,6,0.34490812672619464,0.5074657445407733,0.010817686222369338,1.0,466.3333333333333,2798
image.1437_with_target,6,0.33361845271218926,0.24945953211882177,0.024480983733396022,0.56637344981348,576.0,3456
image.1452_with_target,24,0.12352313486430339,0.3996602167090065,-0.401247804099482,0.872274295216084,1501.5,36036
image.1498_with_target,24,0.07210222351255365,0.4264035650646886,-0.401247804099482,0.8717501775941737,1476.6666666666667,35440
image.1608_with_target,26,0.05305455253371027,0.5238974394208915,-0.401247804099482,1.0,1372.3076923076924,35680
image.1624_with_target,22,0.2393710591819205,0.45684281433528545,-0.17115793625992382,1.0,1627.909090909091,35814
image.1644_with_target,34,-0.011663309701099647,0.3976924080581069,-0.534153635010947,0.8742028263468202,1245.6470588235295,42352
image.1653_with_target,12,0.30248247528175004,0.43214067828163855,-0.35374585991905194,1.0,250.33333333333334,3004
image.1679_with_target,24,0.2006246743139021,0.46059191898366886,-0.30948203685458964,1.0,1757.1666666666667,42172
image.1739_with_target,16,0.382962470789913,0.4519956205167641,-0.37351457785648035,0.8527801092803649,2341.75,37468
image.1796_with_target,18,0.20129959853186785,0.4488422633184036,-0.35374585991905194,0.8350387791858234,2635.6666666666665,47442
image.1851_with_target,12,0.06663568411583971,0.4802935586074458,-0.534153635010947,1.0,232.83333333333334,2794
image.1881_with_target,6,0.27639488908710835,0.5684952191047716,-0.19161618898774213,1.0,469.0,2814
image.1923_with_target,12,0.20684574504296308,0.6030263009234064,-0.35374585991905194,1.0,284.1666666666667,3410
image.1930_with_target,26,0.17089938132338237,0.46122881684615674,-0.401247804099482,1.0,1412.0,36712
image.1938_with_target,22,0.06137706458535837,0.4517346239706095,-0.401247804099482,0.8720652253631819,1631.909090909091,35902
image.1966_with_target,28,0.13853088898699398,0.316999916914107,-0.401247804099482,0.8722384221782502,1526.9285714285713,42754
image.2003_with_target,18,0.1773343260748443,0.38276773240368034,-0.35374585991905194,1.0,33.44444444444444,602
image.2039_with_target,6,0.27879897448799157,0.5672089187679443,-0.19161618898774213,1.0,508.0,3048
image.2056_with_target,10,-0.08415102968333658,0.5958778452010851,-0.534153635010947,1.0,6.6,66
image.2070_with_target,36,-0.2119618135811335,0.5272525735682931,-1.0783863689617394,0.8401771586837061,1315.7777777777778,47368
image.2083_with_target,20,0.14105486387913402,0.44297902586225724,-0.401247804099482,0.8740144000585526,2118.1,42362
image.2191_with_target,16,0.04177273191463014,0.42087737297658456,-0.401247804099482,1.0,206.5,3304
image.2222_with_target,12,0.026165640279829067,0.4905097552405441,-0.401247804099482,1.0,233.66666666666666,2804
image.2245_with_target,8,0.5538595112998448,0.33660373675256905,0.025816271791825662,0.8402626322469959,6764.25,54114
image.2253_with_target,20,0.18294507366333596,0.3955910756586075,-0.26975986485453785,0.873759129161053,2092.4,41848
image.2309_with_target,30,0.011042391666803254,0.490416868389401,-0.7724538509055157,0.825772926698018,1600.2,48006
image.2351_with_target,10,0.5177492037731147,0.29292347205062236,0.0295256880502488,0.832609207593504,5402.4,54024
image.2354_with_target,18,0.20229772534983714,0.42138393557050946,-0.401247804099482,0.8715924594415145,2311.3333333333335,41604
image.2367_with_target,22,0.38084734639655,0.26004007404737967,-0.13785673253062103,0.8321543445455518,2198.090909090909,48358
image.2390_with_target,10,0.5340395358613131,0.2879819123121163,0.02946981966850204,0.8247286267651092,5457.0,54570
image.2458_with_target,12,0.08605015249296834,0.4380290260854056,-0.22490828401119023,1.0,82.5,990
image.2473_with_target,14,0.39608037401141044,0.32463989747703687,-0.10126163558822676,0.8414723268034511,3792.0,53088
image.2493_with_target,32,-0.05102815498563794,0.5698289270687437,-0.7724538509055157,1.0,1159.375,37100
image.2533_with_target,10,0.36363970428468206,0.4994388022210568,-0.401247804099482,0.8323441132994672,5349.4,53494
image.2538_with_target,32,0.08905799923686297,0.4038513113972261,-0.401247804099482,0.8529459868824801,1144.9375,36638
image.2547_with_target,12,0.2439786741729629,0.7221662384296563,-1.1708037636748028,0.8404323272299273,3979.3333333333335,47752
image.2557_with_target,20,-0.07249617716076999,0.4725613857870733,-0.798352720329325,1.0,164.9,3298
image.2724_with_target,22,-0.16798417915491717,0.43194004111212375,-0.534153635010947,1.0,155.27272727272728,3416
image.2732_with_target,10,-0.019228743652649306,0.5667844527980951,-0.534153635010947,1.0,56.4,564
image.2751_with_target,8,0.5722525803877119,0.3739154308412263,-0.028372060638558683,0.8468843662495553,5957.25,47658
image.2773_with_target,8,0.15743254666096546,0.5509428887995074,-0.401247804099482,1.0,383.5,3068
image.2837_with_target,34,0.055656700266631956,0.39082571266712035,-0.401247804099482,0.8717501775941737,1239.9411764705883,42158
image.2845_with_target,26,0.0860470277815394,0.48760379064677056,-0.401247804099482,1.0,1411.3846153846155,36696
image.2854_with_target,14,0.25575601607672116,0.5357161017215966,-0.401247804099482,0.8477342052387616,3355.714285714286,46980
image.2855_with_target,18,-0.1474273788032726,0.46290910352205367,-0.534153635010947,1.0,166.44444444444446,2996
image.2880_with_target,22,0.014098227970968026,0.7208879137588786,-1.3447360499173753,1.0,1820.3636363636363,40048
image.2882_with_target,14,-0.09509655244901984,0.5263424274900315,-0.534153635010947,1.0,9.0,126
image.3067_with_target,20,-0.07831481515249668,0.4312340926298421,-0.534153635010947,1.0,9.9,198
image.3144_with_target,24,0.1608181804174775,0.40242343657224916,-0.401247804099482,0.8594294009690766,1741.5,41796
image.3182_with_target,12,0.03410528305697313,0.473085988810991,-0.401247804099482,1.0,40.166666666666664,482
image.3213_with_target,12,0.011475539463559068,0.49500224030491846,-0.401247804099482,1.0,298.6666666666667,3584
image.3282_with_target,8,0.18247003862978387,0.5126990095402576,-0.2164200138181882,1.0,380.0,3040
image.3290_with_target,12,0.6299127984258481,0.21359212971380076,0.3301757799278189,0.8528529363393449,3050.3333333333335,36604
image.3300_with_target,10,0.12722646970709717,0.46747545509314875,-0.22490828401119023,1.0,297.2,2972
image.3313_with_target,28,-0.00921304434430799,0.47627283343801674,-0.534153635010947,1.0,122.57142857142857,3432
image.3339_with_target,10,0.0982696837544357,0.4929418563382669,-0.35374585991905194,1.0,297.0,2970
image.3387_with_target,20,0.3305946353044085,0.38794620459301565,-0.30948203685458964,0.8525476304419808,2179.1,43582
image.3396_with_target,18,-0.34731228796872765,1.4127950809240744,-4.086509614040562,1.0,20.444444444444443,368
image.3474_with_target,6,0.18994744456395032,0.6396045035727592,-0.35374585991905194,1.0,7.666666666666667,46
image.3508_with_target,8,0.2175257580023495,0.48905703090736424,-0.16083168940704673,1.0,366.75,2934
image.3517_with_target,8,0.1899141326242196,0.5223649429182374,-0.30948203685458964,1.0,12.25,98
image.3524_with_target,6,0.31399339741261373,0.5330671510843606,-0.07641180638909706,1.0,472.6666666666667,2836
image.3535_with_target,8,0.07496201561710206,0.6095000130418657,-0.534153635010947,1.0,344.75,2758
image.3564_with_target,12,0.1772243330386868,0.38902131760152553,-0.10324571286205653,1.0,269.6666666666667,3236
image.3575_with_target,16,0.1798329943124496,0.4459241902291387,-0.30948203685458964,0.8315597721816894,3102.125,49634
image.3626_with_target,28,0.1937019836521403,0.3840143644685585,-0.39095224119108263,0.8597869735902439,1313.5714285714287,36780
image.3662_with_target,18,-0.28776733639352703,0.8416898982400381,-1.802495608198964,0.6381756339923303,2680.777777777778,48254
image.3677_with_target,12,0.09525306345597473,0.6545729579975779,-0.8841106269654593,1.0,107.5,1290
image.3678_with_target,12,0.43740071288341015,0.5242893137721111,-0.35374585991905194,1.0,113.83333333333333,1366
image.3758_with_target,24,-0.12406402290944167,0.24895422416670349,-0.401247804099482,0.31568836972044734,44.833333333333336,1076
image.3812_with_target,22,0.11349357904246136,0.5192581823044058,-0.401247804099482,1.0,1860.1818181818182,40924
image.3815_with_target,12,0.004341293225510699,0.5173289627734688,-0.534153635010947,1.0,248.33333333333334,2980
image.3840_with_target,12,0.5240768227434223,0.26128389427032217,0.22341807868394115,0.8464540757865681,3890.6666666666665,46688
image.3892_with_target,28,0.09857015787378064,0.48497810103519357,-0.401247804099482,1.0,1509.7857142857142,42274
image.3897_with_target,10,0.09285561340177688,0.5121459459342818,-0.401247804099482,1.0,301.0,3010
image.3935_with_target,8,0.11813706084776093,0.5503507895707912,-0.2902082608128125,1.0,8.5,68
image.3992_with_target,10,-0.05629335900882593,0.5947878014623768,-0.534153635010947,1.0,48.2,482
image.4059_with_target,10,0.5119608443113569,0.29945098793505925,0.02215879819380484,0.8323947132453889,5348.2,53482
image.4138_with_target,10,0.476785587453503,0.42401762377859337,-0.014859229345115743,0.852679536351814,4784.6,47846
image.4139_with_target,10,0.47314458680815424,0.42800857889234617,-0.021751527664190418,0.844546654642711,4783.8,47838
image.4148_with_target,22,0.26199019376644356,0.4479502416365444,-0.30948203685458964,1.0,1637.3636363636363,36022
image.4153_with_target,22,0.20399282626647317,0.4920111315758672,-0.401247804099482,1.0,1646.6363636363637,36226
image.4186_with_target,12,0.1507116537895601,0.6482356325387609,-0.534153635010947,1.0,36.666666666666664,440
image.4188_with_target,8,0.2108027728031191,0.4955878286431218,-0.19161618898774213,1.0,360.75,2886
image.4191_with_target,38,-0.024007080023260716,0.4745274863362367,-0.7724538509055157,1.0,961.6842105263158,36544
image.4231_with_target,10,-0.021488308482664566,0.5469939656171325,-0.401247804099482,1.0,7.2,72
image.4322_with_target,16,0.25842293580360026,0.34161691570083147,-0.2174905470864157,1.0,128.875,2062
image.4372_with_target,8,0.17490768177349386,0.546532552763714,-0.401247804099482,1.0,414.25,3314
image.4379_with_target,12,0.6235376266014914,0.3492041326774704,-0.032117477050477294,1.0,3961.6666666666665,47540
image.4392_with_target,12,0.005143201334340468,0.48956683214754654,-0.401247804099482,1.0,249.16666666666666,2990
image.4395_with_target,24,0.1149671269808607,0.521479360731408,-0.401247804099482,1.0,1507.25,36174
image.4466_with_target,8,0.028349621648566026,0.6198361299119197,-0.534153635010947,1.0,7.25,58
image.4493_with_target,24,0.012281557321713349,0.42432126650847185,-0.401247804099482,0.8578417428872509,1509.0833333333333,36218
image.4512_with_target,20,0.19765805114920537,0.5368360413320847,-0.401247804099482,1.0,2046.1,40922
image.4514_with_target,20,-0.11170877073737832,0.468730771570229,-0.534153635010947,1.0,141.5,2830
image.4552_with_target,28,0.0886992272958533,0.4942427313566028,-0.401247804099482,1.0,1508.5,42238
image.4583_with_target,6,0.21585070720173705,0.6075554337840262,-0.19161618898774213,1.0,8.333333333333334,50
image.4619_with_target,8,0.5851715983491701,0.3604501708999713,0.0035375829425402516,0.8282800720209665,5979.75,47838
image.4624_with_target,20,0.020547668841758914,0.49973933277416605,-0.534153635010947,0.8581695595298119,2087.0,41740
image.4690_with_target,14,0.33716204991486415,0.4200565724384054,-0.19161618898774213,0.8416264557187532,3426.8571428571427,47976
image.4696_with_target,14,0.0801476725636123,0.4065273385253907,-0.30948203685458964,1.0,13.714285714285714,192
image.4715_with_target,8,0.5507065320178046,0.3323998583678688,0.027238473394848528,0.825772926698018,6791.25,54330
image.4814_with_target,10,0.5222054516222853,0.2992471630170356,0.021788679791368226,0.840554847720827,5334.8,53348
image.4841_with_target,8,0.5819724480328969,0.35119664242835025,0.01696441291061057,0.8330435668620174,5958.25,47666
image.4848_with_target,8,-0.04999662178889361,0.42757335724129597,-0.534153635010947,0.38135083368717426,30.0,240
image.4905_with_target,20,0.2879907960221309,0.43988724596965184,-0.17115793625992382,1.0,1785.1,35702
image.4939_with_target,8,0.6864069617165671,0.21274455762239391,0.3540566787210395,0.8532333355592596,5856.75,46854
image.4942_with_target,14,0.014220942644919956,0.47841355067145136,-0.401247804099482,1.0,13.857142857142858,194
image.4955_with_target,14,0.21243943929472206,0.5465260484926734,-0.401247804099482,1.0,13.714285714285714,192
image.5010_with_target,10,0.4761724317562738,0.40174766322216043,0.007245372512605153,0.8436419987073647,4819.6,48196
image.5030_with_target,12,-0.33928002541859,0.7339813067203096,-1.0783863689617394,1.0,9.0,108
image.5073_with_target,6,0.22898177347523596,0.5980522094688834,-0.19161618898774213,1.0,9.333333333333334,56
image.5089_with_target,18,-0.09338192787424927,0.6310884438962571,-0.534153635010947,1.0,168.11111111111111,3026
image.5115_with_target,10,0.15437365747276777,0.4489643323112845,-0.13570774916627681,1.0,293.6,2936
image.5124_with_target,18,0.12297491145446017,0.4766832347583909,-0.8841106269654593,1.0,198.77777777777777,3578
image.5145_with_target,16,-0.23367571421574906,1.53023631669891,-4.086509614040562,1.0,209.25,3348
image.5191_with_target,14,0.17414140530157987,0.36626278484377284,-0.13570774916627681,1.0,20.285714285714285,284
image.5197_with_target,8,0.5371646274127759,0.3224059099848883,0.027545277000694535,0.8135972042142723,6688.75,53510
image.5199_with_target,8,0.24227926217265852,0.9820163428507745,-1.3447360499173753,0.8336942668679409,5902.5,47220
image.5240_with_target,18,-0.04953203018987377,0.48133437175298927,-0.534153635010947,1.0,176.77777777777777,3182
image.5257_with_target,8,0.18301615651781686,0.3291687893637542,-0.19161618898774213,0.56637344981348,58.75,470
image.5304_with_target,26,0.051198860088417605,0.4011838647993837,-0.534153635010947,0.7725151817893035,2065.5384615384614,53704
image.5320_with_target,8,0.5579511403535008,0.33803118014597894,0.025326928724341835,0.8398160819766163,6675.5,53404
image.5391_with_target,18,0.12203447894269015,0.4237355973125868,-0.534153635010947,1.0,202.0,3636
image.5449_with_target,12,-0.1370787425626954,0.5690086894750308,-0.534153635010947,1.0,37.0,444
image.5563_with_target,20,-0.2987354953964347,1.348344378106941,-4.086509614040562,1.0,23.0,460
image.5606_with_target,24,0.12757167664817956,0.5211868891519413,-0.401247804099482,1.0,1728.0833333333333,41474
image.5638_with_target,20,0.23673028349373332,0.40821947422463617,-0.534153635010947,0.8187320008567247,2650.9,53018
image.5654_with_target,18,0.068592657045749,0.5369386920679797,-0.534153635010947,1.0,168.66666666666666,3036
image.5709_with_target,24,0.191803118230212,0.4651411235947602,-0.26975986485453785,1.0,1476.5,35436
image.5719_with_target,22,0.08470758965473683,0.48908564510902586,-0.534153635010947,1.0,35.27272727272727,776
image.5763_with_target,6,0.3441858465417016,0.5080149417811625,0.010817686222369338,1.0,513.6666666666666,3082
image.5802_with_target,14,0.04398177159966886,0.45280621094777945,-0.401247804099482,1.0,99.42857142857143,1392
image.5873_with_target,8,0.18771620104157577,0.5121931206821739,-0.22490828401119023,1.0,12.75,102
image.5875_with_target,8,0.1994149943708278,0.5013642440744206,-0.19161618898774213,1.0,361.25,2890
image.5916_with_target,20,0.3141983448666451,0.440926725654727,-0.30948203685458964,1.0,1787.8,35756
image.5917_with_target,22,0.1112152410501515,0.43258082548575794,-0.4640454248608734,0.8719120889274066,1625.0,35750
image.5947_with_target,12,0.5059575055925295,0.26605202139128337,0.023877880729097245,0.8417842719699973,4437.333333333333,53248
image.6014_with_target,18,-0.5775886803322157,1.7093665661468536,-5.139960247678931,0.8009649052793643,2004.5555555555557,36082
image.6015_with_target,24,0.15733717944805903,0.4917989739942687,-0.534153635010947,1.0,1519.0833333333333,36458
image.6070_with_target,26,-0.059977662339827306,0.5180903746981708,-0.534153635010947,1.0,117.53846153846153,3056
image.6107_with_target,14,-0.02957191267238438,0.4621429037281547,-0.401247804099482,1.0,209.0,2926
image.6117_with_target,10,0.5208681800409248,0.2967421929333706,0.02187056201899451,0.8303649776017605,5180.8,51808
image.6190_with_target,8,0.05899451766321301,0.5887250609493457,-0.401247804099482,1.0,8.0,64
image.6206_with_target,8,0.1581439864810594,0.550741842494806,-0.401247804099482,1.0,389.25,3114
image.6253_with_target,18,0.09215145261579653,0.44696035105145476,-0.534153635010947,0.841229226884035,2944.4444444444443,53000
image.6284_with_target,22,0.08762674304612232,0.4382948838171591,-0.401247804099482,0.8578982558122082,1864.8181818181818,41026
image.6291_with_target,8,0.5566219274510077,0.3383583697308999,0.02155285009288599,0.8334367688411246,6717.25,53738
image.6301_with_target,8,0.5428337436489608,0.3270227600609564,0.031011953737088538,0.8405936901224922,6722.75,53782
image.6324_with_target,8,0.14660888084891546,0.54679373950082,-0.35374585991905194,1.0,375.0,3000
image.6334_with_target,34,-0.12939007599238697,0.5401756465465971,-1.3447360499173753,1.0,10.0,340
image.6340_with_target,18,-0.027042106237114512,0.6138623979872297,-0.534153635010947,1.0,7.0,126
image.6354_with_target,16,-0.039134143839365865,0.4881917247674757,-0.534153635010947,1.0,9.0,144
image.6444_with_target,6,0.8020335481259356,0.06111597507318878,0.7231404839995763,0.8424108519113498,7814.0,46884
image.6561_with_target,16,0.3713335383681022,0.36059265044188177,-0.35374585991905194,0.8406416513037356,3334.625,53354
image.6691_with_target,22,0.15440935132587577,0.360184444451391,-0.534153635010947,0.8413507171048425,2415.818181818182,53148
image.6742_with_target,12,0.12193630163351525,0.4199225295524885,-0.22490828401119023,1.0,256.8333333333333,3082
image.6756_with_target,20,0.15498027756211813,0.41772619883296513,-0.534153635010947,0.8414681662799233,2364.1,47282
image.6807_with_target,26,0.16138649171586986,0.46518179250363695,-0.401247804099482,1.0,1610.8461538461538,41882
image.6842_with_target,22,0.0962447316054485,0.4396422181412906,-0.401247804099482,0.8578417428872509,1906.5454545454545,41944
image.6902_with_target,26,0.12000767833325571,0.4602302096305948,-0.401247804099482,1.0,1513.5384615384614,39352
image.6904_with_target,28,0.11328741491234721,0.4460184039731459,-0.401247804099482,1.0,1502.357142857143,42066
image.6905_with_target,6,0.31521966565945087,0.5322539137147088,-0.07641180638909706,1.0,537.3333333333334,3224
image.6931_with_target,10,0.06911388629379771,0.5021714888559621,-0.35374585991905194,1.0,8.8,88
image.6937_with_target,14,0.11444072822445596,0.42417497352956424,-0.35374585991905194,1.0,51.857142857142854,726
image.6977_with_target,30,0.11528504978022583,0.4146478314849849,-0.401247804099482,1.0,1526.3333333333333,45790
image.6980_with_target,22,0.05746359919497193,0.42177357018666733,-0.401247804099482,0.8717283938915432,1912.3636363636363,42072
image.7009_with_target,26,0.12275262333939059,0.4822554812834074,-0.401247804099482,1.0,1383.7692307692307,35978
image.7024_with_target,16,-0.23339307287445715,1.5314771519529147,-4.086509614040562,1.0,225.5,3608
image.7128_with_target,20,-0.3043547810683668,1.3535603907062812,-4.086509614040562,1.0,36.2,724
image.7134_with_target,16,0.24613771084488306,0.3694460142664567,-0.35374585991905194,1.0,226.0,3616
image.7175_with_target,26,0.10382244764169962,0.5065623328933124,-0.401247804099482,1.0,1615.5384615384614,42004
image.7188_with_target,30,0.09380240050733533,0.4380102865364953,-0.401247804099482,1.0,1293.1333333333334,38794
image.7190_with_target,32,0.14408110092386078,0.4078472163139821,-0.401247804099482,1.0,1110.3125,35530
image.7198_with_target,14,0.3681793558427084,0.30551404837503515,0.022870630397007097,1.0,272.14285714285717,3810
image.7213_with_target,16,0.03839989369429263,0.42599488358092874,-0.534153635010947,1.0,201.5,3224
image.7223_with_target,12,0.2299328704995773,0.5943902142813235,-0.8841106269654593,1.0,55.166666666666664,662
image.7305_with_target,6,0.12981151953331863,0.7044446828929594,-0.534153635010947,1.0,7.0,42
image.7350_with_target,10,0.5179166265515913,0.30198087004194174,0.02712244666769792,0.8406771270870557,5344.6,53446
image.7359_with_target,24,0.06446116152440978,0.478554643240623,-0.401247804099482,1.0,131.41666666666666,3154
image.7389_with_target,14,0.4121353809532877,0.39590897786141743,0.0673028974560228,1.0,30.571428571428573,428
image.7401_with_target,18,-0.2607509737666385,1.429241305966387,-4.086509614040562,1.0,186.22222222222223,3352
image.7415_with_target,22,0.08612974388137523,0.3887120009337989,-0.401247804099482,0.8719942126981757,1894.8181818181818,41686
image.7438_with_target,8,0.1824113857740398,0.5127199078744547,-0.2164200138181882,1.0,325.0,2600
image.7455_with_target,42,0.019287638302999493,0.5595171561042162,-1.583773285115842,1.0,860.8095238095239,36154
image.7513_with_target,10,0.48796332498273837,0.40756355260489635,0.01606569781139766,0.8380304330603914,4794.8,47948
image.7514_with_target,10,0.49348649915681,0.4135304770352277,0.00815519014243693,0.8417842719699973,4779.6,47796
image.7584_with_target,8,0.5607158181708032,0.3429714791165308,0.01830376851302462,0.8323947132453889,6657.5,53260
image.7610_with_target,18,0.36003210196455016,0.28066968891418953,0.023969716759417503,0.8340289788678721,2960.4444444444443,53288
image.7615_with_target,18,-0.2542504701428117,1.438462615094978,-4.086509614040562,1.0,206.0,3708
image.7634_with_target,12,0.3345066754594748,0.31744918229976954,0.0311823456321213,0.8411746894550064,4426.666666666667,53120
image.7676_with_target,28,0.026582025265590413,0.5681208302315078,-0.7724538509055157,1.0,1297.642857142857,36334
image.7678_with_target,16,0.06197575655821885,0.41993920752426994,-0.534153635010947,1.0,207.625,3322
image.7707_with_target,24,0.1834203317850274,0.48050793404409575,-0.401247804099482,1.0,1511.6666666666667,36280
image.7753_with_target,6,0.18994744456395032,0.6396045035727592,-0.35374585991905194,1.0,7.666666666666667,46
image.7756_with_target,26,0.20937593259425555,0.4248954605543468,-0.30948203685458964,1.0,1603.4615384615386,41690
image.7812_with_target,10,0.03338906570039997,0.5242316859052275,-0.30948203685458964,1.0,8.8,88
image.7840_with_target,38,-0.11880794596524302,0.40319743560584015,-0.534153635010947,0.8716162781270461,943.9473684210526,35870
image.7864_with_target,24,0.042008591660302796,0.46767799886023986,-0.511000942999184,0.8464627946196593,1521.6666666666667,36520
image.7888_with_target,22,0.1003429001791348,0.42523450246170513,-0.401247804099482,0.8738486478813428,1893.0,41646
image.7923_with_target,18,0.31582981751385875,0.45755351231837466,-0.17115793625992382,1.0,2008.5555555555557,36154
image.7950_with_target,6,0.7639794532285563,0.1137469630675038,0.6178415079728685,0.8495280182449478,7839.0,47034
image.7984_with_target,20,0.25733241814811575,0.4342333630893422,-0.30948203685458964,1.0,2091.1,41822
image.8004_with_target,12,0.08153285045507616,0.4516987665661031,-0.2716274035101405,1.0,12.666666666666666,152
image.8009_with_target,8,0.5392176655926999,0.32494303285054554,0.0297977244119223,0.8317536651412004,6742.0,53936
image.8039_with_target,18,0.19539677603349548,0.39847416218009013,-0.30948203685458964,0.8739405655849095,2023.6666666666667,36426
image.8052_with_target,18,0.08917944447956486,0.4263673707888565,-0.5222761752939833,1.0,26.0,468
image.8057_with_target,20,0.08536088504581954,0.6895385077837284,-1.6422181984040072,0.8324429642994078,2677.9,53558
image.8065_with_target,28,0.04266764943576897,0.4809141217593911,-0.401247804099482,1.0,1511.7857142857142,42330
image.8135_with_target,16,-0.12883457920227037,0.44075961883310644,-0.8757888399339007,0.38135083368717426,16.25,260
image.8156_with_target,20,-0.028075156679240855,0.508865000286687,-0.8757888399339007,1.0,14.1,282
image.8184_with_target,20,0.24787903594890434,0.49175732419340146,-0.30948203685458964,1.0,1795.4,35908
image.8190_with_target,8,0.27137702083704585,0.4799652178847343,-0.19161618898774213,1.0,379.25,3034
image.8336_with_target,24,0.1381668482812017,0.5051059517580114,-0.401247804099482,1.0,1481.3333333333333,35552
image.8406_with_target,20,0.18635162206543815,0.39840287931958235,-0.35374585991905194,0.8402568201755193,2640.7,52814
image.8411_with_target,10,0.08208057298153333,0.511789251191477,-0.401247804099482,1.0,300.8,3008
image.8426_with_target,20,0.05968756353571084,0.3855157687012487,-0.401247804099482,1.0,180.1,3602
image.8504_with_target,30,0.0026835972013308598,0.4895483373991871,-0.534153635010947,1.0,1403.6,42108
image.8607_with_target,28,0.05220995393435694,0.5075346604706287,-0.401247804099482,1.0,1269.0714285714287,35534
image.8688_with_target,20,0.08605374121882331,0.45583114872609054,-0.401247804099482,0.8717855823177341,1767.8,35356
image.8730_with_target,8,0.042610976905956416,0.4550082432455656,-0.534153635010947,0.5122946385351355,35.25,282
image.8860_with_target,14,0.05877696062389953,0.6455695642692035,-0.534153635010947,1.0,229.14285714285714,3208
image.8885_with_target,18,-0.1338303075104804,0.5317178381351039,-0.534153635010947,1.0,177.22222222222223,3190
image.8978_with_target,18,-0.11112950140820911,0.4698107738238526,-0.534153635010947,1.0,7.777777777777778,140
image.9014_with_target,20,0.1404877120436842,0.44235968584741875,-0.534153635010947,0.831991513231044,2370.2,47404
image.9034_with_target,24,0.1649664626974992,0.47524368893640323,-0.401247804099482,1.0,1535.8333333333333,36860
image.9035_with_target,22,0.19086303631701848,0.5085503653980429,-0.401247804099482,1.0,1884.3636363636363,41456
image.9106_with_target,10,0.46728542520016153,0.43442667535750085,-0.038607054609526514,0.8403466898168103,4745.0,47450
image.9138_with_target,14,0.058556298942491425,0.6455822014304636,-0.534153635010947,1.0,225.14285714285714,3152
image.9163_with_target,18,-0.8352729867561014,1.587428106563889,-5.139960247678931,0.31568836972044734,8.11111111111111,146
image.9234_with_target,16,0.284511178800229,0.3656663835115135,-0.062357322221101574,0.8499132672501584,2919.875,46718
image.9300_with_target,14,-0.03511748805318193,0.4770487678495622,-0.534153635010947,1.0,212.85714285714286,2980
image.9328_with_target,14,-0.02297712216356069,0.47837751706706577,-0.534153635010947,1.0,211.85714285714286,2966
image.9346_with_target,18,-0.08984407699170233,0.4564285235765156,-0.534153635010947,1.0,15.222222222222221,274
image.9365_with_target,20,-0.0009675695289774966,0.49979131119412934,-0.8757888399339007,1.0,12.8,256
image.9402_with_target,22,-0.09331058097422895,0.5568407571741488,-0.534153635010947,1.0,6.181818181818182,136
image.9428_with_target,8,0.5756603935327719,0.3680518804643794,-0.017100793905170608,0.8328829429687302,5971.25,47770
image.9429_with_target,8,0.5613475831934405,0.3559236580495476,-0.0077456291230735275,0.8257122101597589,5973.75,47790
image.9433_with_target,12,-0.8694357505553437,2.014674780547779,-5.139960247678931,0.3398413664287112,12.833333333333334,154
image.9441_with_target,24,0.12179975884484297,0.39275088670178526,-0.30948203685458964,0.8721879598993552,1601.3333333333333,38432
image.9460_with_target,22,0.04688858175092491,0.44943527179769355,-0.401247804099482,0.8497983546897281,2121.909090909091,46682
image.9557_with_target,22,0.10903090600901667,0.5202595452948949,-0.401247804099482,1.0,1936.909090909091,42612
image.9573_with_target,14,-0.08863702500153824,0.4785235486498024,-0.8757888399339007,0.5297699196586962,257.14285714285717,3600
image.9590_with_target,10,-0.14581064670183336,0.5229160109598717,-0.8757888399339007,0.5212713102204841,21.0,210
image.9631_with_target,24,-0.14492591761279916,0.43367162207184,-0.534153635010947,1.0,8.916666666666666,214
image.9633_with_target,14,-0.7553902455067015,1.8947018400090045,-5.139960247678931,0.5378314438934386,16.428571428571427,230
image.9686_with_target,20,0.08313195730108117,0.4955210169535397,-0.35374585991905194,1.0,8.4,168
image.9706_with_target,12,0.4272448177506063,0.33950504242760016,-0.026216219921270545,0.8334154108050777,4460.0,53520
image.9724_with_target,8,0.564087123488229,0.3413373182219419,0.026893780600986572,0.8393662422871369,6721.75,53774
image.9888_with_target,28,0.10199514033521569,0.3772103034864599,-0.534153635010947,0.8337916399490671,1925.2857142857142,53908
image.9923_with_target,32,0.08234921077755038,0.4552181199321845,-0.401247804099482,1.0,1130.8125,36186
image.9985_with_target,24,0.15380892404000382,0.49147841210918997,-0.401247804099482,1.0,1481.4166666666667,35554
image_0059_with_target,8,-0.026526711938303638,0.4677109174303956,-0.401247804099482,1.0,69.5,556
image_0096_with_target,5,0.48444899143209874,0.44438130507105406,-0.01408873712418357,0.8565891481861388,4794.2,23971
image_0108_with_target,6,0.19513543665682367,0.7767734034618289,-1.0783863689617394,0.8329400116920094,3916.1666666666665,23497
image_0111_with_target,11,0.19922838280366495,0.5034855377474174,-0.30948203685458964,1.0,1888.7272727272727,20776
image_0129_with_target,29,-0.012264755274513584,0.3990236293288176,-0.7724538509055157,1.0,634.3103448275862,18395
image_0156_with_target,10,0.14193935418463904,0.404460208036547,-0.534153635010947,0.8413043026205171,2353.1,23531
image_0164_with_target,6,-0.06444535146186896,0.5637261084583746,-0.534153635010947,1.0,245.33333333333334,1472
image_0202_with_target,7,0.47480533426702515,0.4146291331860865,0.027587746357342402,1.0,2799.0,19593
image_0220_with_target,14,-0.1377731119744692,0.4183245101368718,-0.534153635010947,1.0,8.642857142857142,121
image_0242_with_target,7,-0.0881813256349261,0.5455143726606441,-0.534153635010947,1.0,219.85714285714286,1539
image_0260_with_target,9,-0.31212752928642534,0.2534514423023761,-0.534153635010947,0.18325213309583332,198.11111111111111,1783
image_0289_with_target,10,-0.630499712811264,1.6862443954273647,-5.139960247678931,1.0,13.1,131
image_0321_with_target,10,-0.0058229090589672515,0.3912385319549302,-0.401247804099482,1.0,183.7,1837
image_0413_with_target,12,0.32690566480180167,0.3834593968708367,-0.19161618898774213,1.0,1966.5833333333333,23599
image_0426_with_target,8,0.358220147278517,0.5025250394084176,-0.30948203685458964,1.0,2606.5,20852
image_0429_with_target,6,-0.1762447334233533,0.6008289495823721,-0.534153635010947,1.0,5.333333333333333,32
image_0440_with_target,12,0.11035851426410757,0.5423813784274356,-0.401247804099482,1.0,1748.75,20985
image_0461_with_target,4,0.5630314732155391,0.3724617641185189,0.023457665262236582,0.8547957348712507,6710.25,26841
image_0516_with_target,10,-0.033936608871148397,0.46501751905147615,-0.534153635010947,1.0,168.6,1686
image_0686_with_target,3,0.8036634644775962,0.06915962570384397,0.723882187871317,0.8465979087535394,7811.333333333333,23434
image_0689_with_target,11,0.06769362691471346,0.4611067387774809,-0.401247804099482,0.8734275775296618,1642.6363636363637,18069
image_0714_with_target,4,0.5623587785731579,0.3832014069767368,-0.0028948416594789528,0.8430300461699338,6049.0,24196
image_0769_with_target,12,0.12716380669887437,0.5301022960949321,-0.401247804099482,1.0,1771.0833333333333,21253
image_0830_with_target,6,0.24325420761675456,0.6073020578648083,-0.401247804099482,1.0,251.66666666666666,1510
image_0896_with_target,5,0.5156779935453175,0.3062321574616408,0.03249273185500656,0.8259644784072199,5387.8,26939
image_0898_with_target,10,0.22048386190937458,0.5226388253196611,-0.401247804099482,1.0,1804.9,18049
image_0907_with_target,12,0.08788426162101215,0.47053099555599853,-0.534153635010947,1.0,137.16666666666666,1646
image_0932_with_target,23,-0.20259878018453983,0.5271994886266121,-1.3447360499173753,0.8721745573515565,773.4782608695652,17790
image_0946_with_target,19,-0.07654980282464821,0.448186828755468,-0.534153635010947,0.8317495191135567,1246.157894736842,23677
image_1018_with_target,9,-0.015416584805544396,0.28062485296036027,-0.534153635010947,0.24685193560750818,187.66666666666666,1689
image_1027_with_target,24,-0.04455149939165052,0.4765501214531562,-0.7724538509055157,1.0,745.3333333333334,17888
image_1032_with_target,11,0.08228182786202612,0.4597468936640796,-0.534153635010947,0.8721765893692593,2154.181818181818,23696
image_1033_with_target,9,0.17987085713737336,0.42298716981842815,-0.534153635010947,0.8663968001457754,2631.222222222222,23681
image_1053_with_target,8,-0.035447114882152506,0.6651397574339853,-0.534153635010947,1.0,198.375,1587
image_1104_with_target,11,0.2230821901588298,0.45328523854320524,-0.401247804099482,1.0,1786.3636363636363,19650
image_1123_with_target,6,-0.15818951244785914,0.5719652276745393,-0.534153635010947,1.0,5.833333333333333,35
image_1214_with_target,7,-0.09588381324981217,0.542147153325294,-0.534153635010947,1.0,225.57142857142858,1579
image_1226_with_target,13,0.13215296900984513,0.5068197004849454,-0.534153635010947,1.0,1611.0,20943
image_1249_with_target,7,0.3650477674643068,0.3835608401164056,-0.022263874467276068,0.8390836454547945,3398.285714285714,23788
image_1269_with_target,13,-0.09931756985192308,0.724341225355094,-1.3447360499173753,1.0,1366.2307692307693,17761
image_1275_with_target,9,0.08703579169530189,0.39836037547196207,-0.19161618898774213,1.0,194.22222222222223,1748
image_1303_with_target,4,0.5542379584335763,0.36499381653834184,0.021396212513267066,0.8337002521463048,6747.75,26991
image_1304_with_target,15,0.14869231506690722,0.45127224767901847,-0.401247804099482,1.0,1319.7333333333333,19796
image_1350_with_target,13,0.22247827271181236,0.37027484084513784,-0.401247804099482,0.8705587302895346,1638.8461538461538,21305
image_1366_with_target,11,0.2024469604213931,0.5096216436175447,-0.401247804099482,1.0,1627.6363636363637,17904
image_1415_with_target,3,0.34490812672619464,0.5673639505228559,0.010817686222369338,1.0,466.3333333333333,1399
image_1437_with_target,3,0.33361845271218926,0.2789042357264888,0.024480983733396022,0.56637344981348,576.0,1728
image_1452_with_target,12,0.1235231348643034,0.408642466692377,-0.401247804099482,0.872274295216084,1501.5,18018
image_1498_with_target,12,0.07210222351255363,0.4359868642150269,-0.401247804099482,0.8717501775941737,1476.6666666666667,17720
image_1608_with_target,13,0.05305455253371024,0.5347005850549356,-0.401247804099482,1.0,1372.3076923076924,17840
image_1624_with_target,11,0.2393710591819205,0.46812458262760914,-0.17115793625992382,1.0,1627.909090909091,17907
image_1644_with_target,17,-0.01166330970109966,0.40385854953702705,-0.534153635010947,0.8742028263468202,1245.6470588235295,21176
image_1653_with_target,6,0.30248247528175,0.45323296703603333,-0.35374585991905194,1.0,250.33333333333334,1502
image_1679_with_target,12,0.2006246743139021,0.4709435916887955,-0.30948203685458964,1.0,1757.1666666666667,21086
image_1739_with_target,8,0.3829624707899131,0.46785991603829286,-0.37351457785648035,0.8527801092803649,2341.75,18734
image_1796_with_target,9,0.20129959853186785,0.4626560152257683,-0.35374585991905194,0.8350387791858234,2635.6666666666665,23721
image_1851_with_target,6,0.0666356841158397,0.5037361339866185,-0.534153635010947,1.0,232.83333333333334,1397
image_1881_with_target,3,0.27639488908710835,0.6355969774009532,-0.19161618898774213,1.0,469.0,1407
image_1923_with_target,6,0.20684574504296308,0.632459320087785,-0.35374585991905194,1.0,284.1666666666667,1705
image_1930_with_target,13,0.17089938132338245,0.4707396899752841,-0.401247804099482,1.0,1412.0,18356
image_1938_with_target,11,0.06137706458535837,0.4628902451106108,-0.401247804099482,0.8720652253631819,1631.909090909091,17951
image_1966_with_target,14,0.13853088898699398,0.32303855317282953,-0.401247804099482,0.8722384221782502,1526.9285714285713,21377
image_2003_with_target,9,0.1773343260748443,0.3945479476946325,-0.35374585991905194,1.0,33.44444444444444,301
image_2039_with_target,3,0.27879897448799157,0.6341588499046399,-0.19161618898774213,1.0,508.0,1524
image_2056_with_target,5,-0.08415102968333658,0.6320238976507727,-0.534153635010947,1.0,6.6,33
image_2070_with_target,18,-0.21196181358113347,0.5349500985991891,-1.0783863689617394,0.8401771586837061,1315.7777777777778,23684
image_2083_with_target,10,0.14105486387913407,0.45511768500780914,-0.401247804099482,0.8740144000585526,2118.1,21181
image_2191_with_target,8,0.04177273191463014,0.4356494696964412,-0.401247804099482,1.0,206.5,1652
image_2222_with_target,6,0.026165640279829056,0.5144509714100579,-0.401247804099482,1.0,233.66666666666666,1402
image_2245_with_target,4,0.5538595112998448,0.3635735893347567,0.025816271791825662,0.8402626322469959,6764.25,27057
image_2253_with_target,10,0.18294507366333587,0.4064311943732466,-0.26975986485453785,0.873759129161053,2092.4,20924
image_2309_with_target,15,0.011042391666803267,0.4990974868709499,-0.7724538509055157,0.825772926698018,1600.2,24003
image_2351_with_target,5,0.5177492037731147,0.3106922601835548,0.0295256880502488,0.832609207593504,5402.4,27012
image_2354_with_target,9,0.20229772534983714,0.43435261882391935,-0.401247804099482,0.8715924594415145,2311.3333333333335,20802
image_2367_with_target,11,0.3808473463965499,0.26646178359399875,-0.13785673253062103,0.8321543445455518,2198.090909090909,24179
image_2390_with_target,5,0.5340395358613131,0.30545094458245065,0.02946981966850204,0.8247286267651092,5457.0,27285
image_2458_with_target,6,0.08605015249296834,0.4594087183137275,-0.22490828401119023,1.0,82.5,495
image_2473_with_target,7,0.39608037401141033,0.33789591832405935,-0.10126163558822676,0.8414723268034511,3792.0,26544
image_2493_with_target,16,-0.05102815498563794,0.5792482251405346,-0.7724538509055157,1.0,1159.375,18550
image_2533_with_target,5,0.363639704284682,0.5297348457572943,-0.401247804099482,0.8323441132994672,5349.4,26747
image_2538_with_target,16,0.08905799923686297,0.41052699193577336,-0.401247804099482,0.8529459868824801,1144.9375,18319
image_2547_with_target,6,0.2439786741729629,0.7574143407147789,-1.1708037636748028,0.8404323272299273,3979.3333333333335,23876
image_2557_with_target,10,-0.07249617716076999,0.4855106706347099,-0.798352720329325,1.0,164.9,1649
image_2724_with_target,11,-0.16798417915491723,0.44260683351224966,-0.534153635010947,1.0,155.27272727272728,1708
image_2732_with_target,5,-0.019228743652649306,0.6011656950669595,-0.534153635010947,1.0,56.4,282
image_2751_with_target,4,0.5722525803877119,0.40387482506924083,-0.028372060638558683,0.8468843662495553,5957.25,23829
image_2773_with_target,4,0.15743254666096543,0.5950863336568939,-0.401247804099482,1.0,383.5,1534
image_2837_with_target,17,0.05565670026663194,0.3968853874033631,-0.401247804099482,0.8717501775941737,1239.9411764705883,21079
image_2845_with_target,13,0.0860470277815394,0.4976585348881085,-0.401247804099482,1.0,1411.3846153846155,18348
image_2854_with_target,7,0.25575601607672116,0.5575909971601938,-0.401247804099482,0.8477342052387616,3355.714285714286,23490
image_2855_with_target,9,-0.1474273788032726,0.4771557822203519,-0.534153635010947,1.0,166.44444444444446,1498
image_2880_with_target,11,0.014098227970968007,0.7386902960062558,-1.3447360499173753,1.0,1820.3636363636363,20024
image_2882_with_target,7,-0.09509655244901984,0.5478345676912334,-0.534153635010947,1.0,9.0,63
image_3067_with_target,10,-0.07831481515249668,0.4430509131941699,-0.534153635010947,1.0,9.9,99
image_3144_with_target,12,0.16081818041747742,0.41146778913809595,-0.401247804099482,0.8594294009690766,1741.5,20898
image_3182_with_target,6,0.034105283056973114,0.49617677101029267,-0.401247804099482,1.0,40.166666666666664,241
image_3213_with_target,6,0.011475539463559059,0.5191627294958462,-0.401247804099482,1.0,298.6666666666667,1792
image_3282_with_target,4,0.18247003862978387,0.5537782228601579,-0.2164200138181882,1.0,380.0,1520
image_3290_with_target,6,0.6299127984258482,0.22401731554334095,0.3301757799278189,0.8528529363393449,3050.3333333333335,18302
image_3300_with_target,5,0.12722646970709717,0.4958325965019493,-0.22490828401119023,1.0,297.2,1486
image_3313_with_target,14,-0.009213044344307983,0.48534551215995664,-0.534153635010947,1.0,122.57142857142857,1716
image_3339_with_target,5,0.0982696837544357,0.5228437940212102,-0.35374585991905194,1.0,297.0,1485
image_3387_with_target,10,0.3305946353044086,0.3985768359986422,-0.30948203685458964,0.8525476304419808,2179.1,21791
image_3396_with_target,9,-0.3473122879687276,1.4562758365007522,-4.086509614040562,1.0,20.444444444444443,184
image_3474_with_target,3,0.18994744456395032,0.7150995743518483,-0.35374585991905194,1.0,7.666666666666667,23
image_3508_with_target,4,0.21752575800234947,0.5282419673406444,-0.16083168940704673,1.0,366.75,1467
image_3517_with_target,4,0.18991413262421958,0.5642186241652867,-0.30948203685458964,1.0,12.25,49
image_3524_with_target,3,0.31399339741261373,0.5959871931983906,-0.07641180638909706,1.0,472.6666666666667,1418
image_3535_with_target,4,0.07496201561710206,0.6583352567000901,-0.534153635010947,1.0,344.75,1379
image_3564_with_target,6,0.17722433303868676,0.4080090000272907,-0.10324571286205653,1.0,269.6666666666667,1618
image_3575_with_target,8,0.17983299431244962,0.46157538863213543,-0.30948203685458964,0.8315597721816894,3102.125,24817
image_3626_with_target,14,0.19370198365214025,0.3913295811024431,-0.39095224119108263,0.8597869735902439,1313.5714285714287,18390
image_3662_with_target,9,-0.28776733639352703,0.8675940886147644,-1.802495608198964,0.6381756339923303,2680.777777777778,24127
image_3677_with_target,6,0.09525306345597473,0.6865219101207687,-0.8841106269654593,1.0,107.5,645
image_3678_with_target,6,0.43740071288341015,0.5498792712852469,-0.35374585991905194,1.0,113.83333333333333,683
image_3758_with_target,12,-0.12406402290944167,0.2545493997243186,-0.401247804099482,0.31568836972044734,44.833333333333336,538
image_3812_with_target,11,0.11349357904246132,0.5320813028894918,-0.401247804099482,1.0,1860.1818181818182,20462
image_3815_with_target,6,0.004341293225510708,0.5425791935715011,-0.534153635010947,1.0,248.33333333333334,1490
image_3840_with_target,6,0.5240768227434224,0.2740368601950682,0.22341807868394115,0.8464540757865681,3890.6666666666665,23344
image_3892_with_target,14,0.09857015787378064,0.4942166092786864,-0.401247804099482,1.0,1509.7857142857142,21137
image_3897_with_target,5,0.09285561340177688,0.5432128069909944,-0.401247804099482,1.0,301.0,1505
image_3935_with_target,4,0.11813706084776093,0.5944467933953879,-0.2902082608128125,1.0,8.5,34
image_3992_with_target,5,-0.05629335900882593,0.6308677316716268,-0.534153635010947,1.0,48.2,241
image_4059_with_target,5,0.5119608443113569,0.3176157363028372,0.02215879819380484,0.8323947132453889,5348.2,26741
image_4138_with_target,5,0.476785587453503,0.44973860567467444,-0.014859229345115743,0.852679536351814,4784.6,23923
image_4139_with_target,5,0.47314458680815435,0.4539716528111931,-0.021751527664190418,0.844546654642711,4783.8,23919
image_4148_with_target,11,0.26199019376644367,0.4590124071649375,-0.30948203685458964,1.0,1637.3636363636363,18011
image_4153_with_target,11,0.20399282626647314,0.504161384156198,-0.401247804099482,1.0,1646.6363636363637,18113
image_4186_with_target,6,0.1507116537895601,0.6798752671058275,-0.534153635010947,1.0,36.666666666666664,220
image_4188_with_target,4,0.2108027728031191,0.53529603512051,-0.19161618898774213,1.0,360.75,1443
image_4191_with_target,19,-0.02400708002326072,0.4810730022471102,-0.7724538509055157,1.0,961.6842105263158,18272
image_4231_with_target,5,-0.021488308482664566,0.5801747135339935,-0.401247804099482,1.0,7.2,36
image_4322_with_target,8,0.25842293580360026,0.3536071020208562,-0.2174905470864157,1.0,128.875,1031
image_4372_with_target,4,0.1749076817734939,0.5903226262834238,-0.401247804099482,1.0,414.25,1657
image_4379_with_target,6,0.6235376266014913,0.36624838416971456,-0.032117477050477294,1.0,3961.6666666666665,23770
image_4392_with_target,6,0.005143201334340468,0.5134620253269783,-0.401247804099482,1.0,249.16666666666666,1495
image_4395_with_target,12,0.11496712698086071,0.5331994614155054,-0.401247804099482,1.0,1507.25,18087
image_4466_with_target,4,0.028349621648566026,0.6694995389106333,-0.534153635010947,1.0,7.25,29
image_4493_with_target,12,0.01228155732171334,0.4338577665895259,-0.401247804099482,0.8578417428872509,1509.0833333333333,18109
image_4512_with_target,10,0.1976580511492054,0.5515466017476559,-0.401247804099482,1.0,2046.1,20461
image_4514_with_target,10,-0.11170877073737832,0.48157508864832876,-0.534153635010947,1.0,141.5,1415
image_4552_with_target,14,0.08869922729585332,0.5036577246071805,-0.401247804099482,1.0,1508.5,21119
image_4583_with_target,3,0.21585070720173705,0.6792676250202275,-0.19161618898774213,1.0,8.333333333333334,25
image_4619_with_target,4,0.5851715983491701,0.3893306820499187,0.0035375829425402516,0.8282800720209665,5979.75,23919
image_4624_with_target,10,0.020547668841758914,0.513433356797907,-0.534153635010947,0.8581695595298119,2087.0,20870
image_4690_with_target,7,0.33716204991486415,0.4372087423486555,-0.19161618898774213,0.8416264557187532,3426.8571428571427,23988
image_4696_with_target,7,0.0801476725636123,0.4231270692308821,-0.30948203685458964,1.0,13.714285714285714,96
image_4715_with_target,4,0.5507065320178046,0.35903288171160935,0.027238473394848528,0.825772926698018,6791.25,27165
image_4814_with_target,5,0.5222054516222852,0.3173995473302732,0.021788679791368226,0.840554847720827,5334.8,26674
image_4841_with_target,4,0.5819724480328969,0.3793357289549337,0.01696441291061057,0.8330435668620174,5958.25,23833
image_4848_with_target,4,-0.04999662178889361,0.4618320096380917,-0.534153635010947,0.38135083368717426,30.0,120
image_4905_with_target,10,0.2879907960221309,0.4519411831304634,-0.17115793625992382,1.0,1785.1,17851
image_4939_with_target,4,0.6864069617165672,0.22979038549137068,0.3540566787210395,0.8532333355592596,5856.75,23427
image_4942_with_target,7,0.014220942644919956,0.497948611058314,-0.401247804099482,1.0,13.857142857142858,97
image_4955_with_target,7,0.21243943929472212,0.5688423464848885,-0.401247804099482,1.0,13.714285714285714,96
image_5010_with_target,5,0.4761724317562738,0.4261177454853585,0.007245372512605153,0.8436419987073647,4819.6,24098
image_5030_with_target,6,-0.33928002541859,0.7698060888797507,-1.0783863689617394,1.0,9.0,54
image_5073_with_target,3,0.22898177347523596,0.6686426972331834,-0.19161618898774213,1.0,9.333333333333334,28
image_5089_with_target,9,-0.0933819278742493,0.6505110783227382,-0.534153635010947,1.0,168.11111111111111,1513
image_5115_with_target,5,0.15437365747276777,0.4761985858322998,-0.13570774916627681,1.0,293.6,1468
image_5124_with_target,9,0.12297491145446017,0.49135383171748637,-0.8841106269654593,1.0,198.77777777777777,1789
image_5145_with_target,8,-0.23367571421574906,1.5839450697132258,-4.086509614040562,1.0,209.25,1674
image_5191_with_target,7,0.17414140530157982,0.38121839303953076,-0.13570774916627681,1.0,20.285714285714285,142
image_5197_with_target,4,0.5371646274127759,0.3482381837077144,0.027545277000694535,0.8135972042142723,6688.75,26755
image_5199_with_target,4,0.24227926217265852,1.0606988799357768,-1.3447360499173753,0.8336942668679409,5902.5,23610
image_5240_with_target,9,-0.04953203018987377,0.4961481139944731,-0.534153635010947,1.0,176.77777777777777,1591
image_5257_with_target,4,0.18301615651781686,0.35554292831255435,-0.19161618898774213,0.56637344981348,58.75,235
image_5304_with_target,13,0.05119886008841759,0.4094565674150849,-0.534153635010947,0.7725151817893035,2065.5384615384614,26852
image_5320_with_target,4,0.5579511403535008,0.36511540441714746,0.025326928724341835,0.8398160819766163,6675.5,26702
image_5391_with_target,9,0.12203447894269015,0.4367766562634966,-0.534153635010947,1.0,202.0,1818
image_5449_with_target,6,-0.1370787425626954,0.5967813482071145,-0.534153635010947,1.0,37.0,222
image_5563_with_target,10,-0.2987354953964346,1.3852921608711537,-4.086509614040562,1.0,23.0,230
image_5606_with_target,12,0.12757167664817956,0.532900416620267,-0.401247804099482,1.0,1728.0833333333333,20737
image_5638_with_target,10,0.23673028349373332,0.4194056405324967,-0.534153635010947,0.8187320008567247,2650.9,26509
image_5654_with_target,9,0.068592657045749,0.5534637354693189,-0.534153635010947,1.0,168.66666666666666,1518
image_5709_with_target,12,0.191803118230212,0.4755950383828714,-0.26975986485453785,1.0,1476.5,17718
image_5719_with_target,11,0.08470758965473683,0.5011636525769777,-0.534153635010947,1.0,35.27272727272727,388
image_5763_with_target,3,0.3441858465417016,0.5679779717041388,0.010817686222369338,1.0,513.6666666666666,1541
image_5802_with_target,7,0.04398177159966886,0.4712956468385409,-0.401247804099482,1.0,99.42857142857143,696
image_5873_with_target,4,0.18771620104157577,0.5532318004415822,-0.22490828401119023,1.0,12.75,51
image_5875_with_target,4,0.1994149943708278,0.5415352768832649,-0.19161618898774213,1.0,361.25,1445
image_5916_with_target,10,0.3141983448666451,0.45300914698487654,-0.30948203685458964,1.0,1787.8,17878
image_5917_with_target,11,0.1112152410501515,0.4432634421050722,-0.4640454248608734,0.8719120889274066,1625.0,17875
image_5947_with_target,6,0.5059575055925295,0.27903771410873246,0.023877880729097245,0.8417842719699973,4437.333333333333,26624
image_6014_with_target,9,-0.5775886803322157,1.7619747262807088,-5.139960247678931,0.8009649052793643,2004.5555555555557,18041
image_6015_with_target,12,0.15733717944805906,0.5028520164070391,-0.534153635010947,1.0,1519.0833333333333,18229
image_6070_with_target,13,-0.05997766233982733,0.5287737744407761,-0.534153635010947,1.0,117.53846153846153,1528
image_6107_with_target,7,-0.02957191267238438,0.48101358479272494,-0.401247804099482,1.0,209.0,1463
image_6117_with_target,5,0.5208681800409248,0.31474262533102976,0.02187056201899451,0.8303649776017605,5180.8,25904
image_6190_with_target,4,0.05899451766321301,0.6358957437778455,-0.401247804099482,1.0,8.0,32
image_6206_with_target,4,0.15814398648105937,0.5948691788287034,-0.401247804099482,1.0,389.25,1557
image_6253_with_target,9,0.09215145261579652,0.4607161844620744,-0.534153635010947,0.841229226884035,2944.4444444444443,26500
image_6284_with_target,11,0.08762674304612231,0.44911860954464117,-0.401247804099482,0.8578982558122082,1864.8181818181818,20513
image_6291_with_target,4,0.5566219274510078,0.3654688095603295,0.02155285009288599,0.8334367688411246,6717.25,26869
image_6301_with_target,4,0.5428337436489608,0.3532249517387847,0.031011953737088538,0.8405936901224922,6722.75,26891
image_6324_with_target,4,0.14660888084891546,0.5906047402029317,-0.35374585991905194,1.0,375.0,1500
image_6334_with_target,17,-0.129390075992387,0.5485509622242019,-1.3447360499173753,1.0,10.0,170
image_6340_with_target,9,-0.027042106237114498,0.6327548766240736,-0.534153635010947,1.0,7.0,63
image_6354_with_target,8,-0.039134143839365865,0.5053264434269651,-0.534153635010947,1.0,9.0,72
image_6444_with_target,3,0.8020335481259355,0.06832973738741639,0.7231404839995763,0.8424108519113498,7814.0,23442
image_6561_with_target,8,0.3713335383681022,0.37324885353287873,-0.35374585991905194,0.8406416513037356,3334.625,26677
image_6691_with_target,11,0.15440935132587583,0.36907922689579126,-0.534153635010947,0.8413507171048425,2415.818181818182,26574
image_6742_with_target,6,0.12193630163351525,0.4404184645406419,-0.22490828401119023,1.0,256.8333333333333,1541
image_6756_with_target,10,0.15498027756211818,0.4291728715821555,-0.534153635010947,0.8414681662799233,2364.1,23641
image_6807_with_target,13,0.16138649171586988,0.474774178861313,-0.401247804099482,1.0,1610.8461538461538,20941
image_6842_with_target,11,0.09624473160544857,0.4504992163931075,-0.401247804099482,0.8578417428872509,1906.5454545454545,20972
image_6902_with_target,13,0.12000767833325574,0.4697204907537891,-0.401247804099482,1.0,1513.5384615384614,19676
image_6904_with_target,14,0.11328741491234724,0.4545147560621578,-0.401247804099482,1.0,1502.357142857143,21033
image_6905_with_target,3,0.31521966565945087,0.5950779661781982,-0.07641180638909706,1.0,537.3333333333334,1612
image_6931_with_target,5,0.06911388629379771,0.5326332976328934,-0.35374585991905194,1.0,8.8,44
image_6937_with_target,7,0.11444072822445596,0.44149531011047044,-0.35374585991905194,1.0,51.857142857142854,363
image_6977_with_target,15,0.11528504978022582,0.4219873009472481,-0.401247804099482,1.0,1526.3333333333333,22895
image_6980_with_target,11,0.057463599194971904,0.4321893008085786,-0.401247804099482,0.8717283938915432,1912.3636363636363,21036
image_7009_with_target,13,0.12275262333939058,0.49219993950194646,-0.401247804099482,1.0,1383.7692307692307,17989
image_7024_with_target,8,-0.23339307287445715,1.5852294562236353,-4.086509614040562,1.0,225.5,1804
image_7128_with_target,10,-0.3043547810683667,1.3906511043889933,-4.086509614040562,1.0,36.2,362
image_7134_with_target,8,0.24613771084488306,0.38241295572237866,-0.35374585991905194,1.0,226.0,1808
image_7175_with_target,13,0.10382244764169958,0.5170080160427027,-0.401247804099482,1.0,1615.5384615384614,21002
image_7188_with_target,15,0.09380240050733538,0.44576328288204153,-0.401247804099482,1.0,1293.1333333333334,19397
image_7190_with_target,16,0.14408110092386076,0.41458894934247775,-0.401247804099482,1.0,1110.3125,17765
image_7198_with_target,7,0.3681793558427084,0.31798910343078096,0.022870630397007097,1.0,272.14285714285717,1905
image_7213_with_target,8,0.03839989369429263,0.440946596422882,-0.534153635010947,1.0,201.5,1612
image_7223_with_target,6,0.22993287049957734,0.6234017160040044,-0.8841106269654593,1.0,55.166666666666664,331
image_7305_with_target,3,0.12981151953331863,0.7875930986684703,-0.534153635010947,1.0,7.0,21
image_7350_with_target,5,0.5179166265515913,0.3202990814929058,0.02712244666769792,0.8406771270870557,5344.6,26723
image_7359_with_target,12,0.06446116152440978,0.48931002307724,-0.401247804099482,1.0,131.41666666666666,1577
image_7389_with_target,7,0.41213538095328767,0.4120751290487512,0.0673028974560228,1.0,30.571428571428573,214
image_7401_with_target,9,-0.26075097376663847,1.4732282172487856,-4.086509614040562,1.0,186.22222222222223,1676
image_7415_with_target,11,0.08612974388137527,0.3983112735706279,-0.401247804099482,0.8719942126981757,1894.8181818181818,20843
image_7438_with_target,4,0.1824113857740398,0.5538007956409845,-0.2164200138181882,1.0,325.0,1300
image_7455_with_target,21,0.0192876383029995,0.5664679462902765,-1.583773285115842,1.0,860.8095238095239,18077
image_7513_with_target,5,0.48796332498273837,0.4322864277171036,0.01606569781139766,0.8380304330603914,4794.8,23974
image_7514_with_target,5,0.49348649915681,0.438615306808376,0.00815519014243693,0.8417842719699973,4779.6,23898
image_7584_with_target,4,0.5607158181708032,0.3704515371839404,0.01830376851302462,0.8323947132453889,6657.5,26630
image_7610_with_target,9,0.36003210196455016,0.28930769332561335,0.023969716759417503,0.8340289788678721,2960.4444444444443,26644
image_7615_with_target,9,-0.2542504701428117,1.482733325134699,-4.086509614040562,1.0,206.0,1854
image_7634_with_target,6,0.3345066754594748,0.33294351124037774,0.0311823456321213,0.8411746894550064,4426.666666666667,26560
image_7676_with_target,14,0.0265820252655904,0.5789431518212673,-0.7724538509055157,1.0,1297.642857142857,18167
image_7678_with_target,8,0.06197575655821885,0.43467837619503047,-0.534153635010947,1.0,207.625,1661
image_7707_with_target,12,0.18342033178502737,0.4913072135373547,-0.401247804099482,1.0,1511.6666666666667,18140
image_7753_with_target,3,0.18994744456395032,0.7150995743518483,-0.35374585991905194,1.0,7.666666666666667,23
image_7756_with_target,13,0.20937593259425558,0.43365711349291963,-0.30948203685458964,1.0,1603.4615384615386,20845
image_7812_with_target,5,0.03338906570039997,0.5560316700246639,-0.30948203685458964,1.0,8.8,44
image_7840_with_target,19,-0.11880794596524302,0.4087590422692557,-0.534153635010947,0.8716162781270461,943.9473684210526,17935
image_7864_with_target,12,0.04200859166030282,0.4781889292002086,-0.511000942999184,0.8464627946196593,1521.6666666666667,18260
image_7888_with_target,11,0.1003429001791348,0.43573570107124177,-0.401247804099482,0.8738486478813428,1893.0,20823
image_7923_with_target,9,0.3158298175138588,0.47163536516525256,-0.17115793625992382,1.0,2008.5555555555557,18077
image_7950_with_target,3,0.7639794532285563,0.12717297082654824,0.6178415079728685,0.8495280182449478,7839.0,23517
image_7984_with_target,10,0.2573324181481157,0.4461323706640422,-0.30948203685458964,1.0,2091.1,20911
image_8004_with_target,6,0.08153285045507618,0.4737456630820728,-0.2716274035101405,1.0,12.666666666666666,76
image_8009_with_target,4,0.5392176655926999,0.3509785896097688,0.0297977244119223,0.8317536651412004,6742.0,26968
image_8039_with_target,9,0.19539677603349545,0.4107377649370034,-0.30948203685458964,0.8739405655849095,2023.6666666666667,18213
image_8052_with_target,9,0.08917944447956486,0.43948942626983634,-0.5222761752939833,1.0,26.0,234
image_8057_with_target,10,0.08536088504581954,0.7084334721613913,-1.6422181984040072,0.8324429642994078,2677.9,26779
image_8065_with_target,14,0.042667649435768965,0.49007521391757863,-0.401247804099482,1.0,1511.7857142857142,21165
image_8135_with_target,8,-0.12883457920227037,0.45622954935838567,-0.8757888399339007,0.38135083368717426,16.25,130
image_8156_with_target,10,-0.028075156679240855,0.5228090888980109,-0.8757888399339007,1.0,14.1,141
image_8184_with_target,10,0.2478790359489044,0.5052326225533931,-0.30948203685458964,1.0,1795.4,17954
image_8190_with_target,4,0.27137702083704585,0.5184216868942989,-0.19161618898774213,1.0,379.25,1517
image_8336_with_target,12,0.1381668482812017,0.5164580647207139,-0.401247804099482,1.0,1481.3333333333333,17776
image_8406_with_target,10,0.18635162206543815,0.4093200480167988,-0.35374585991905194,0.8402568201755193,2640.7,26407
image_8411_with_target,5,0.08208057298153333,0.5428344750838181,-0.401247804099482,1.0,300.8,1504
image_8426_with_target,10,0.05968756353571084,0.39607980049122105,-0.401247804099482,1.0,180.1,1801
image_8504_with_target,15,0.0026835972013308823,0.4982135824573254,-0.534153635010947,1.0,1403.6,21054
image_8607_with_target,14,0.052209953934356935,0.5172028560749411,-0.401247804099482,1.0,1269.0714285714287,17767
image_8688_with_target,10,0.08605374121882332,0.4683219860327577,-0.401247804099482,0.8717855823177341,1767.8,17678
image_8730_with_target,4,0.042610976905956416,0.4914650733521001,-0.534153635010947,0.5122946385351355,35.25,141
image_8860_with_target,7,0.058776960623899525,0.6719301061146837,-0.534153635010947,1.0,229.14285714285714,1604
image_8885_with_target,9,-0.13383030751048042,0.5480822024140268,-0.534153635010947,1.0,177.22222222222223,1595
image_8978_with_target,9,-0.11112950140820911,0.4842698611322283,-0.534153635010947,1.0,7.777777777777778,70
image_9014_with_target,10,0.1404877120436842,0.454481373631131,-0.534153635010947,0.831991513231044,2370.2,23702
image_9034_with_target,12,0.1649664626974992,0.48592465601438006,-0.401247804099482,1.0,1535.8333333333333,18430
image_9035_with_target,11,0.1908630363170185,0.521109055624451,-0.401247804099482,1.0,1884.3636363636363,20728
image_9106_with_target,5,0.46728542520016153,0.4607790721104235,-0.038607054609526514,0.8403466898168103,4745.0,23725
image_9138_with_target,7,0.05855629894249143,0.6719432592891462,-0.534153635010947,1.0,225.14285714285714,1576
image_9163_with_target,9,-0.8352729867561014,1.6362834391092906,-5.139960247678931,0.31568836972044734,8.11111111111111,73
image_9234_with_target,8,0.284511178800229,0.3785006662058525,-0.062357322221101574,0.8499132672501584,2919.875,23359
image_9300_with_target,7,-0.03511748805318193,0.49652810005982295,-0.534153635010947,1.0,212.85714285714286,1490
image_9328_with_target,7,-0.02297712216356069,0.4979111060937702,-0.534153635010947,1.0,211.85714285714286,1483
image_9346_with_target,9,-0.08984407699170235,0.4704757533126736,-0.534153635010947,1.0,15.222222222222221,137
image_9365_with_target,10,-0.0009675695289774744,0.513486759547886,-0.8757888399339007,1.0,12.8,128
image_9402_with_target,11,-0.09331058097422895,0.5705919823243167,-0.534153635010947,1.0,6.181818181818182,68
image_9428_with_target,4,0.5756603935327719,0.3975414668085081,-0.017100793905170608,0.8328829429687302,5971.25,23885
image_9429_with_target,4,0.5613475831934405,0.38444148937465095,-0.0077456291230735275,0.8257122101597589,5973.75,23895
image_9433_with_target,6,-0.8694357505553435,2.1130087360237684,-5.139960247678931,0.3398413664287112,12.833333333333334,77
image_9441_with_target,12,0.12179975884484297,0.40157785145348207,-0.30948203685458964,0.8721879598993552,1601.3333333333333,19216
image_9460_with_target,11,0.04688858175092491,0.4605341102596636,-0.401247804099482,0.8497983546897281,2121.909090909091,23341
image_9557_with_target,11,0.10903090600901665,0.5331073946157316,-0.401247804099482,1.0,1936.909090909091,21306
image_9573_with_target,7,-0.08863702500153825,0.49806310058408576,-0.8757888399339007,0.5297699196586962,257.14285714285717,1800
image_9590_with_target,5,-0.14581064670183339,0.5546361860111164,-0.8757888399339007,0.5212713102204841,21.0,105
image_9631_with_target,12,-0.1449259176127992,0.4434182687414015,-0.534153635010947,1.0,8.916666666666666,107
image_9633_with_target,7,-0.7553902455067016,1.972068199736333,-5.139960247678931,0.5378314438934386,16.428571428571427,115
image_9686_with_target,10,0.08313195730108118,0.5090994492789713,-0.35374585991905194,1.0,8.4,84
image_9706_with_target,6,0.4272448177506063,0.3560758924964497,-0.026216219921270545,0.8334154108050777,4460.0,26760
image_9724_with_target,4,0.564087123488229,0.3686864416810557,0.026893780600986572,0.8393662422871369,6721.75,26887
image_9888_with_target,14,0.10199514033521569,0.38439590731238854,-0.534153635010947,0.8337916399490671,1925.2857142857142,26954
image_9923_with_target,16,0.08234921077755036,0.4627428961512132,-0.401247804099482,1.0,1130.8125,18093
image_9985_with_target,12,0.1538089240400038,0.5025242499845396,-0.401247804099482,1.0,1481.4166666666667,17777
