deformability,area,area_ratio,circularity,convex_hull_area,mask_x_length,mask_y_length,min_x,min_y,max_x,max_y,mean_brightness,brightness_std,perimeter,aspect_ratio,convex_hull_perimeter,cell_id,image_name,is_cropped
0.4292600155376779,23723,1.0434599333979682,0.5707399844623221,24754,96,512,0,0,96,512,102.83984375,1.8775332821513278,2201.0193359837563,0.1875,977.2132034355965,0,image.5759_with_target,False
0.4353759457197506,23543,1.0574693114726246,0.5646240542802494,24896,96,512,0,0,96,512,102.71314741035856,1.8802248462069877,2204.048773235279,0.1875,990.6274169979696,0,image.4238_with_target,False
0.4223820850703255,23812,0.9934066857046867,0.5776179149296745,23655,96,512,0,0,96,512,102.18473895582329,1.9874122021294947,2183.2792206135787,0.1875,943.8994949366117,0,image.0536_with_target,False
0.4302270236569309,23536,1.037856900067981,0.5697729763430691,24427,96,512,0,0,96,512,102.13492063492063,2.1226412664607595,2202.3919189857866,0.1875,972.3847763108503,0,image.4387_with_target,False
0.41750310604311713,23678,0.9888504096629783,0.5824968939568829,23414,96,512,0,0,96,512,102.18359375,2.046692352299421,2200.048773235279,0.1875,931.2132034355965,0,image.4671_with_target,False
0.44048178476956146,23843,1.0818688923373736,0.5595182152304385,25795,96,512,0,0,96,512,102.05490196078432,1.9854681598851502,2185.3208511739213,0.1875,1017.5563491861041,0,image.8740_with_target,False
0.7107538011452618,12880,0.5270962732919254,0.28924619885473823,6789,48,512,48,0,96,512,79.49805447470817,37.57266624999109,1161.9655121145938,0.09375,1009.8111831820431,0,image.1716_with_target,False
0.31484080818540694,77,1.1818181818181819,0.6851591918145931,91,28,15,22,434,50,449,104.292,8.891722892668215,46.04163056034262,1.8666666666666667,49.35533905932737,1,image.1716_with_target,False
0.7654406568625498,8134,0.491271207278092,0.2345593431374502,3996,30,512,0,0,30,512,66.87649402390439,28.787805305748428,1105.8528137423857,0.05859375,955.3553390593274,2,image.1716_with_target,False
0.09297048876460623,33151,0.08986154263823112,0.9070295112353938,2979,96,512,0,0,96,512,103.2244094488189,11.378977830291829,1834.4091629284896,0.1875,213.31370849898477,0,image.3212_with_target,False
0.3730637384506148,26016,0.7183271832718328,0.6269362615493852,18688,96,512,0,0,96,512,101.59765625,2.212851837976492,2299.339141137151,0.1875,772.9705627484772,0,image.2633_with_target,False
0.43231359776541844,23009,1.0738406710417663,0.5676864022345816,24708,96,512,0,0,96,512,101.91633466135458,1.9792177495045786,2242.4274528917194,0.1875,981.5563491861041,0,image.5874_with_target,False
0.6135872745717278,14803,0.8913733702627846,0.3864127254282722,13195,74,512,22,0,96,512,64.53125,28.953070190180178,1181.9655121145938,0.14453125,1053.8000358937497,0,image.6613_with_target,False
0.8021463392311627,8068,0.04028259791769955,0.19785366076883723,325,16,512,0,0,16,512,67.66265060240964,29.704005831742936,1059.698484809835,0.03125,323.0,1,image.6613_with_target,False
0.44741652405649535,22952,1.1516207737887765,0.5525834759435047,26432,96,512,0,0,96,512,102.60557768924303,2.0627141359175734,2239.948268171891,0.1875,1042.9705627484773,0,image.6899_with_target,False
0.4338962577491453,24020,1.04263114071607,0.5661037422508547,25044,96,512,0,0,96,512,102.21400778210116,2.054916825439052,2175.2142494561226,0.1875,990.9705627484772,0,image.5308_with_target,False
0.42976326241579965,23738,1.0337012385205155,0.5702367375842003,24538,96,512,0,0,96,512,102.5859375,1.9546712629221696,2195.078210486802,0.1875,973.7989898732234,0,image.3598_with_target,False
0.6069385908840297,14975,0.9099165275459099,0.3930614091159704,13626,76,512,20,0,96,512,64.6259842519685,28.64192926847325,1184.1665222413706,0.1484375,1052.7584053334072,0,image.0844_with_target,False
0.8323332825229084,7946,0.056758117291719104,0.16766671747709158,451,16,512,0,0,16,512,67.4349593495935,29.59458169409992,1067.982756057297,0.03125,449.0,1,image.0844_with_target,False
0.6163344076563568,14866,0.8581999192788914,0.3836655923436432,12758,73,512,23,0,96,512,64.38976377952756,29.02309787359751,1167.9238815542512,0.142578125,1043.6223663640862,0,image.4862_with_target,False
0.8144538057907744,7940,0.0464735516372796,0.1855461942092256,369,16,512,0,0,16,512,67.62903225806451,29.6798692887782,1070.4680374315353,0.03125,367.0,1,image.4862_with_target,False
0.42852656319622084,23696,1.0277683997299123,0.5714734368037792,24354,96,512,0,0,96,512,102.30588235294118,1.9484948202626924,2198.0071426749364,0.1875,968.0416305603426,0,image.5697_with_target,False
0.43863440725061276,23671,1.0835199188880908,0.5613655927493872,25648,96,512,0,0,96,512,102.7421875,2.2404174197777853,2190.877200360025,0.1875,1011.3137084989847,0,image.4182_with_target,False
0.4270319938382269,23816,1.0179291232784682,0.5729680061617731,24243,96,512,0,0,96,512,102.34901960784313,2.0116691488217975,2191.4629867976523,0.1875,963.3137084989847,0,image.1617_with_target,False
0.6194679061873993,14814,0.8454164979073849,0.38053209381260067,12524,72,512,24,0,96,512,64.30980392156863,29.512013206336242,1170.9949493661168,0.140625,1042.5218613006978,0,image.9670_with_target,False
0.8012153298266335,8068,0.03991075855230541,0.1987846701733665,322,16,512,0,0,16,512,67.1774193548387,29.512722348794675,1058.8700576850888,0.03125,320.0,1,image.9670_with_target,False
0.4191446560539025,23805,0.9901701323251417,0.5808553439460975,23571,96,512,0,0,96,512,102.2392156862745,2.0257246034853074,2187.9066376115484,0.1875,936.9705627484772,0,image.0719_with_target,False
0.7426228464628744,12790,0.43729476153244723,0.2573771535371257,5593,46,512,50,0,96,512,80.34,37.6835295586812,1113.7106781186549,0.08984375,1030.0477272147525,0,image.3649_with_target,False
0.6728167500445812,8158,1.0696249080657023,0.3271832499554188,8726,55,512,0,0,55,512,67.00796812749005,28.752688013176225,1143.2375900532359,0.107421875,1012.095454429505,1,image.3649_with_target,False
0.43040037187557956,23120,1.0584342560553632,0.5695996281244204,24471,96,512,0,0,96,512,101.94901960784314,2.1587371534428983,2236.8122292025696,0.1875,973.5563491861041,0,image.5485_with_target,False
0.0712358519412275,21381,0.1531733782330106,0.9287641480587725,3275,96,512,0,0,96,512,101.60546875,2.237074281907831,2357.931024229187,0.1875,218.42640687119285,0,image.9126_with_target,False
0.4263085830996227,23908,1.0056884724778317,0.5736914169003773,24044,96,512,0,0,96,512,102.3203125,2.121075765347327,2189.7056274847714,0.1875,958.142135623731,0,image.2223_with_target,False
0.8699459782346797,12786,0.06045674956984202,0.13005402176532038,773,28,512,68,0,96,512,81.13492063492063,37.91727695471245,1080.284271247462,0.0546875,757.8284271247462,0,image.5213_with_target,False
0.8188661221120738,7993,0.048417365194545224,0.1811338778879262,387,16,512,0,0,16,512,67.504,29.370222743452256,1067.982756057297,0.03125,385.0,1,image.5213_with_target,False
0.6194034093551809,14825,0.8467453625632377,0.3805965906448191,12553,72,512,24,0,96,512,64.9609375,29.716473320720507,1168.7523086789975,0.140625,1043.5512985522207,0,image.1158_with_target,False
0.8310048862800816,8009,0.05543763266325384,0.16899511371991843,444,16,512,0,0,16,512,67.1774193548387,29.47020047303573,1071.2964645562815,0.03125,442.0,1,image.1158_with_target,False
0.6236600315189426,14762,0.8603170302127083,0.37633996848105744,12700,72,512,24,0,96,512,64.79919678714859,29.5786990434984,1170.4091629284896,0.140625,1061.5157646462878,0,image.5804_with_target,False
0.8186292036058209,8046,0.04797414864528959,0.18137079639417905,386,16,512,0,0,16,512,67.332,29.34262728523129,1061.3553390593274,0.03125,384.0,1,image.5804_with_target,False
0.4319293412635994,23838,1.039139189529323,0.5680706587364006,24771,96,512,0,0,96,512,103.03125,1.8003363401042596,2191.605122421383,0.1875,982.142135623731,0,image.0263_with_target,False
0.8544289106896628,12729,0.04690077775159086,0.1455710893103372,597,27,512,69,0,96,512,81.15873015873017,37.68339550518506,1079.698484809835,0.052734375,595.0,0,image.2789_with_target,False
0.6102485952944188,10195,1.2823933300637567,0.3897514047055812,13074,65,512,0,0,65,512,78.04819277108433,25.445225973576527,1161.4802307403554,0.126953125,1039.9716087690035,1,image.2789_with_target,False
0.4323733496825185,21507,1.143116194727298,0.5676266503174815,24585,96,512,0,0,96,512,101.81395348837209,2.1011899244503964,2372.830519165799,0.1875,979.2132034355965,0,image.9098_with_target,False
0.4289108219673572,23978,1.031362081908416,0.5710891780326428,24730,96,512,0,0,96,512,102.5436507936508,2.0764360504734354,2174.8355697996826,0.1875,976.142135623731,0,image.3444_with_target,False
0.42971498713414513,23631,1.0405399686852017,0.5702850128658549,24589,96,512,0,0,96,512,102.48818897637796,2.0034071047293547,2200.5340546095176,0.1875,974.7279220613578,0,image.0825_with_target,False
0.41836681679435095,23629,0.9922129586525033,0.581633183205649,23445,96,512,0,0,96,512,102.25,2.065338955232288,2201.1137443927346,0.1875,933.2132034355965,0,image.9554_with_target,False
-0.30948203685458964,8,1.0,1.3094820368545896,8,4,3,41,486,45,489,104.22,7.764251412724861,7.65685424949238,1.3333333333333333,7.65685424949238,0,image.9495_with_target,False
0.1682153027001001,29,1.206896551724138,0.8317846972998999,35,11,9,30,478,41,487,103.76377952755905,7.792543066769339,12.485281374238571,1.2222222222222223,25.213203435596427,1,image.9495_with_target,False
-0.401247804099482,19,0.2631578947368421,1.401247804099482,5,5,9,26,469,31,478,103.81640625,8.036141772328369,15.31370849898476,0.5555555555555556,5.656854249492381,2,image.9495_with_target,False
0.6317420125197977,13078,0.9106132436152317,0.3682579874802023,11909,70,512,26,0,96,512,76.72727272727273,37.042235365355296,1236.6639969244288,0.13671875,1050.486327394765,3,image.9495_with_target,False
0.8115932546556871,8059,0.04442238491127932,0.18840674534431293,358,16,512,0,0,16,512,67.00806451612904,29.51065853588571,1064.6690475583123,0.03125,356.0,4,image.9495_with_target,False
0.6104706089117433,14722,0.9096590137209618,0.3895293910882567,13392,75,512,21,0,96,512,64.33984375,28.76408850416759,1189.1370849898476,0.146484375,1053.1431816442575,0,image.8362_with_target,False
0.8024537809719615,8093,0.040281724947485484,0.19754621902803848,326,16,512,0,0,16,512,68.02822580645162,29.844003181284094,1058.0416305603426,0.03125,324.0,1,image.8362_with_target,False
0.4300076487087584,25900,0.9488803088803088,0.5699923512912416,24576,96,512,0,0,96,512,102.0952380952381,2.1266583498440577,2301.244732728172,0.1875,974.9705627484772,0,image.0840_with_target,False
0.4261538938635978,23666,1.0328319107580495,0.5738461061364022,24443,96,512,0,0,96,512,102.6328125,1.9759139252112552,2203.948268171891,0.1875,965.7989898732234,0,image.3035_with_target,False
0.8520393032335868,12780,0.04522691705790297,0.1479606967664132,578,27,512,69,0,96,512,81.47826086956522,37.965510166370954,1076.3847763108504,0.052734375,576.0,0,image.5214_with_target,False
0.824071298488648,7960,0.05150753768844221,0.17592870151135195,410,16,512,0,0,16,512,67.69477911646587,29.492549138216013,1066.3259018078047,0.03125,408.0,1,image.5214_with_target,False
0.4336176712762171,23630,1.0553533643673296,0.5663823287237829,24938,96,512,0,0,96,512,103.0275590551181,1.8600726920582538,2199.847763108502,0.1875,988.3847763108503,0,image.4001_with_target,False
0.3072953346404599,33584,0.4316341114816579,0.6927046653595401,14496,96,512,0,0,96,512,101.94488188976378,13.83098603109515,1830.6934341759516,0.1875,616.142135623731,0,image.4550_with_target,False
0.1054827136915566,23411,0.2169492973388578,0.8945172863084434,5079,96,512,0,0,96,512,101.8207171314741,2.11137336671906,2451.677236253775,0.1875,282.42640687119285,0,image.6587_with_target,False
0.4391407492621221,23945,1.0637293798287744,0.5608592507378779,25471,96,512,0,0,96,512,102.5078125,2.165049413949656,2181.462986797652,0.1875,1008.7279220613578,0,image.5044_with_target,False
0.622060586131582,14826,0.8487117226493998,0.37793941386841806,12583,72,512,24,0,96,512,64.384,29.59318408012223,1169.5807358037434,0.140625,1052.1431816442575,0,image.5855_with_target,False
0.8188661221120738,7977,0.04851447912749154,0.1811338778879262,387,16,512,0,0,16,512,67.57551020408164,29.796853214297403,1069.6396103067893,0.03125,385.0,1,image.5855_with_target,False
0.4190325886814582,23852,0.9953043769914472,0.5809674113185418,23740,96,512,0,0,96,512,102.0199203187251,2.0942916139279224,2183.7645019878173,0.1875,940.142135623731,0,image.8400_with_target,False
0.43835694563490124,23755,1.088065670385182,0.5616430543650988,25847,96,512,0,0,96,512,102.64541832669323,1.8824437697095537,2185.5634918610403,0.1875,1014.7279220613578,0,image.0901_with_target,False
0.4448487595131969,23561,1.1104791816985697,0.5551512404868031,26164,96,512,0,0,96,512,102.11328125,2.0307353614881576,2206.1492782986675,0.1875,1032.8700576850888,0,image.2346_with_target,False
0.43196402856800153,22986,1.0667362742538937,0.5680359714319985,24520,96,512,0,0,96,512,101.95669291338582,2.1448745187011298,2259.362481734264,0.1875,977.2132034355965,0,image.6006_with_target,False
0.42923690509557977,23797,1.0277766104971215,0.5707630949044202,24458,96,512,0,0,96,512,102.32421875,2.0387743749979883,2192.048773235279,0.1875,971.3137084989847,0,image.1936_with_target,False
-0.30948203685458964,8,1.0,1.3094820368545896,8,4,3,35,471,39,474,104.596,7.738784400666555,7.65685424949238,1.3333333333333333,7.65685424949238,0,image.3215_with_target,False
-0.401247804099482,5,1.0,1.401247804099482,5,3,3,26,466,29,469,104.39525691699605,7.10076383696719,5.656854249492381,1.0,5.656854249492381,1,image.3215_with_target,False
0.4241098802986025,21259,1.130768145256127,0.5758901197013975,24039,96,512,0,0,96,512,101.62256809338521,2.143117756022849,2334.7178207935913,0.1875,954.3847763108503,2,image.3215_with_target,False
0.4300977459753532,23697,1.038528083723678,0.5699022540246468,24610,96,512,0,0,96,512,102.29411764705883,2.047419395785241,2196.5279579551075,0.1875,975.7989898732234,0,image.8059_with_target,False
0.42717289831958494,23747,1.0404261590937802,0.5728271016804151,24707,96,512,0,0,96,512,102.67843137254901,1.7840594518241857,2197.948268171891,0.1875,972.7279220613578,0,image.4553_with_target,False
0.07922335711417494,21194,0.18170236859488534,0.9207766428858251,3851,96,512,0,0,96,512,102.22265625,2.058052585415625,2365.5290039756346,0.1875,238.9116882454314,0,image.0127_with_target,False
0.440646241062272,23713,1.0773837135748323,0.559353758937728,25548,96,512,0,0,96,512,102.171875,2.0333522774903026,2194.634559672906,0.1875,1012.9705627484772,0,image.1603_with_target,False
0.6197254796963009,14745,0.8472702611054594,0.3802745203036991,12493,72,512,24,0,96,512,64.3671875,29.599770663635955,1170.6518036156092,0.140625,1041.9360748630709,0,image.3102_with_target,False
0.8018374576627374,8092,0.04003954522985665,0.19816254233726266,324,16,512,0,0,16,512,68.14516129032258,29.64390639346151,1054.727922061358,0.03125,322.0,1,image.3102_with_target,False
0.43116383337840813,23762,1.0415369076677048,0.5688361666215919,24749,96,512,0,0,96,512,102.12890625,2.02595087026091,2189.906637611548,0.1875,980.3847763108503,0,image.2322_with_target,False
0.7464594981227557,12858,0.38544097060195986,0.2535405018772443,4956,44,512,52,0,96,512,80.4921875,37.741306137504615,1119.7106781186546,0.0859375,984.2903679018718,0,image.1720_with_target,False
-0.7724538509055157,8,1.0,1.7724538509055157,8,4,4,31,489,35,493,103.70703125,7.01199511990157,5.656854249492381,1.0,5.656854249492381,1,image.1720_with_target,False
-0.401247804099482,84,0.05952380952380952,1.401247804099482,5,27,19,25,448,52,467,104.44705882352942,8.683325308216,56.2842712474619,1.4210526315789473,5.656854249492381,2,image.1720_with_target,False
0.8338137551097999,7972,0.0575765178123432,0.16618624489020004,459,16,512,0,0,16,512,67.5421686746988,29.634981989969997,1066.3259018078047,0.03125,457.0,3,image.1720_with_target,False
0.41661754183804545,21399,1.091406140473854,0.5833824581619546,23355,96,512,0,0,96,512,101.76953125,2.169931543914102,2353.3452377915605,0.1875,928.6274169979696,0,image.5539_with_target,False
-0.30948203685458964,16,0.5,1.3094820368545896,8,4,8,25,474,29,482,104.4375,8.659126327176432,12.48528137423857,0.5,7.65685424949238,0,image.9074_with_target,False
0.6238202220369828,13226,0.9203084832904884,0.37617977796301716,12172,72,512,24,0,96,512,74.41338582677166,36.415017803195475,1283.9482681718907,0.140625,1039.6579002700191,1,image.9074_with_target,False
0.8188661221120738,8012,0.048302546180728906,0.1811338778879262,387,16,512,0,0,16,512,68.036,29.835728648719137,1063.840620433566,0.03125,385.0,2,image.9074_with_target,False
0.43638548039541747,22993,1.097899360674988,0.5636145196045825,25244,96,512,0,0,96,512,102.62745098039215,1.981886448476779,2237.948268171891,0.1875,999.3137084989847,0,image.1825_with_target,False
0.4168730925792006,23922,0.9630883705375805,0.5831269074207994,23039,96,512,0,0,96,512,102.09375,2.254985795409807,2176.208152801713,0.1875,922.7279220613578,0,image.2577_with_target,False
0.4361287821187414,23681,1.0669735230775728,0.5638712178812586,25267,96,512,0,0,96,512,102.32941176470588,2.0866798957464874,2186.5929291125635,0.1875,999.3137084989847,0,image.3341_with_target,False
0.8096903978592818,12688,0.2226513240857503,0.19030960214071824,2825,34,512,62,0,96,512,81.03543307086615,37.916229727927245,1094.8822509939084,0.06640625,990.0416305603426,0,image.2609_with_target,False
0.22879403267022458,93,1.946236559139785,0.7712059673297754,181,21,21,26,461,47,482,102.73151750972762,10.10344832842628,64.01219330881976,1.0,61.840620433565945,1,image.2609_with_target,False
-0.2174905470864157,11,1.0,1.2174905470864157,11,3,5,26,451,29,456,102.6086956521739,8.777049859009034,9.65685424949238,0.6,9.65685424949238,2,image.2609_with_target,False
0.8188661221120738,8068,0.047967278135845316,0.1811338778879262,387,16,512,0,0,16,512,67.54838709677419,29.605703144645386,1062.1837661840736,0.03125,385.0,3,image.2609_with_target,False
0.6135529522446128,14844,0.8738884397736459,0.3864470477553872,12972,73,512,23,0,96,512,63.73622047244095,28.53767552373263,1175.5807358037437,0.142578125,1044.764501987817,0,image.3192_with_target,False
0.8018374576627374,8072,0.04013875123885035,0.19816254233726266,324,16,512,0,0,16,512,67.60483870967742,29.544613216883985,1059.698484809835,0.03125,322.0,1,image.3192_with_target,False
0.6050664086550819,14806,0.9243549912197757,0.3949335913449181,13686,77,512,19,0,96,512,64.77734375,29.069979453799686,1199.9655121145938,0.150390625,1050.072113832392,0,image.1909_with_target,False
0.8380304330603914,7914,0.06103108415466262,0.16196956693960865,483,16,512,0,0,16,512,67.70491803278688,29.737702658737962,1067.982756057297,0.03125,481.0,1,image.1909_with_target,False
0.43914974764275705,23720,1.0663153456998313,0.560850252357243,25293,96,512,0,0,96,512,102.20472440944881,2.0422258301599956,2196.6345596729057,0.1875,1005.2132034355965,0,image.5203_with_target,False
0.4256374819720453,23536,1.0172076818490823,0.5743625180279547,23941,96,512,0,0,96,512,102.24015748031496,1.9825522341231572,2200.877200360025,0.1875,954.9705627484772,0,image.7075_with_target,False
0.09029641435622338,45968,0.07128872258962757,0.9097035856437766,3277,96,512,0,0,96,512,101.484,2.018351802833193,1352.6101730552664,0.1875,223.07106781186548,0,image.1928_with_target,False
0.6113667298411563,14820,0.8866396761133604,0.38863327015884375,13140,74,512,22,0,96,512,63.928,28.936116118097118,1184.6518036156092,0.14453125,1045.5929291125633,0,image.6965_with_target,False
0.8231982401058384,7963,0.05098580936832852,0.17680175989416164,406,16,512,0,0,16,512,67.63855421686748,30.11393824501489,1065.4974746830585,0.03125,404.0,1,image.6965_with_target,False
0.6173241869827643,14822,0.8693833490756983,0.38267581301723574,12886,73,512,23,0,96,512,64.49019607843137,29.001401283940428,1177.4802307403552,0.142578125,1051.5573952066304,0,image.3410_with_target,False
0.8191021146340483,8024,0.04835493519441675,0.18089788536595172,388,16,512,0,0,16,512,67.65725806451613,29.607640342913818,1062.1837661840736,0.03125,386.0,1,image.3410_with_target,False
0.42475143764442236,21331,1.138624537058741,0.5752485623555776,24288,96,512,0,0,96,512,102.375,1.9525624189766635,2379.6711395993652,0.1875,960.3847763108503,0,image.1244_with_target,False
0.43822478665439324,23719,1.068847759180404,0.5617752133456068,25352,96,512,0,0,96,512,102.203125,2.254715111577292,2194.2914139223985,0.1875,1004.7279220613578,0,image.4845_with_target,False
-0.2174905470864157,11,1.0,1.2174905470864157,11,5,3,42,501,47,504,104.90513833992095,7.6715488230538185,9.65685424949238,1.6666666666666667,9.65685424949238,0,image.3679_with_target,False
-0.401247804099482,5,1.0,1.401247804099482,5,3,3,33,500,36,503,104.21739130434783,6.856243650073516,5.656854249492381,1.0,5.656854249492381,1,image.3679_with_target,False
-0.401247804099482,5,1.0,1.401247804099482,5,3,3,28,498,31,501,104.14229249011858,6.659676745100481,5.656854249492381,1.0,5.656854249492381,2,image.3679_with_target,False
-0.401247804099482,5,1.0,1.401247804099482,5,3,3,25,496,28,499,104.26086956521739,6.553152277908181,5.656854249492381,1.0,5.656854249492381,3,image.3679_with_target,False
0.06619602234564914,21052,0.16378491354740643,0.9338039776543509,3448,96,512,0,0,96,512,101.9375,2.068174013471787,2289.883297014435,0.1875,222.91168824543144,4,image.3679_with_target,False
0.8602031590078874,12760,0.05070532915360502,0.1397968409921127,647,27,512,69,0,96,512,81.47265625,37.8969515900598,1078.8700576850888,0.052734375,645.0,0,image.0226_with_target,False
0.8348987286841367,7939,0.058571608514926314,0.16510127131586333,465,16,512,0,0,16,512,67.56557377049181,29.615566272728838,1072.1248916810277,0.03125,463.0,1,image.0226_with_target,False
0.43802254479910574,23027,1.1053980110305295,0.5619774552008943,25454,96,512,0,0,96,512,102.41796875,1.9568363176370775,2243.747258045114,0.1875,1006.3847763108503,0,image.0499_with_target,False
0.41597095155919717,23781,0.9770404945124259,0.5840290484408028,23235,96,512,0,0,96,512,102.91372549019607,2.02736374826562,2192.1492782986675,0.1875,925.2132034355965,0,image.3690_with_target,False
0.6247251234476296,14744,0.8612316874660879,0.3752748765523704,12698,72,512,24,0,96,512,65.24302788844622,29.794259674591533,1170.3086578651012,0.140625,1064.4446968344225,0,image.6590_with_target,False
0.8012153298266335,8087,0.03981699023123532,0.1987846701733665,322,16,512,0,0,16,512,67.79518072289157,29.71041994115514,1055.5563491861042,0.03125,320.0,1,image.6590_with_target,False
0.43138895794343235,23795,1.0502626602227358,0.5686110420565677,24991,96,512,0,0,96,512,102.48046875,2.0652466027749417,2182.8355697996826,0.1875,985.5563491861041,0,image.3237_with_target,False
0.430984755193632,23658,1.0455237129089525,0.569015244806368,24735,96,512,0,0,96,512,102.32941176470588,2.1257795910360775,2196.770598642227,0.1875,979.7989898732234,0,image.1737_with_target,False
0.42665582943105895,23763,1.026301392921769,0.573344170568941,24388,96,512,0,0,96,512,102.13253012048193,2.0364416028217454,2189.9066376115484,0.1875,965.5563491861041,0,image.3936_with_target,False
0.4334387027681019,23778,1.0659853646227606,0.5665612972318981,25347,96,512,0,0,96,512,102.859375,1.9130896762501752,2193.0193359837563,0.1875,996.142135623731,0,image.1449_with_target,False
0.852832093111654,12740,0.08877551020408163,0.147167906888346,1131,29,512,67,0,96,512,81.188,37.988954394665825,1083.840620433566,0.056640625,810.0710678118655,0,image.0069_with_target,False
0.8346797846235268,7974,0.2014045648357161,0.1653202153764732,1606,20,512,0,0,20,512,67.3,29.67965633224212,1068.811183182043,0.0390625,859.3137084989847,1,image.0069_with_target,False
0.7401295798686038,12805,0.43662631784459194,0.25987042013139616,5591,46,512,50,0,96,512,80.43478260869566,37.60267492761166,1122.4386001800126,0.08984375,1019.9827560572969,0,image.5578_with_target,False
-0.401247804099482,10,0.5,1.401247804099482,5,6,4,49,414,55,418,104.3203125,7.381282910330951,8.485281374238571,1.5,5.656854249492381,1,image.5578_with_target,False
-0.2174905470864157,11,1.0,1.2174905470864157,11,5,3,42,474,47,477,104.65217391304348,7.236106028242517,9.65685424949238,1.6666666666666667,9.65685424949238,2,image.5578_with_target,False
-0.30948203685458964,8,1.0,1.3094820368545896,8,4,3,37,474,41,477,104.544,6.793531040629754,7.65685424949238,1.3333333333333333,7.65685424949238,3,image.5578_with_target,False
0.7099623360666929,8144,0.8161836935166994,0.29003766393330704,6647,45,512,0,0,45,512,66.94,29.14035689554951,1123.1665222413703,0.087890625,996.4680374315354,4,image.5578_with_target,False
0.6189508811442168,14810,0.8401080351114112,0.38104911885578313,12442,72,512,24,0,96,512,64.61176470588235,29.721753089105203,1171.3380951166241,0.140625,1037.6934341759516,0,image.4992_with_target,False
0.8188661221120738,8002,0.04836290927268183,0.1811338778879262,387,16,512,0,0,16,512,67.76829268292683,29.458513799858444,1063.840620433566,0.03125,385.0,1,image.4992_with_target,False
0.7325942646440801,12726,0.46723243752946725,0.26740573535591994,5946,47,512,49,0,96,512,80.32,37.94608807242191,1123.681240867132,0.091796875,1022.2253967444161,0,image.2904_with_target,False
-0.07023393679226753,17,1.0,1.0702339367922675,17,7,3,41,482,48,485,104.88142292490119,7.174957186179307,13.65685424949238,2.3333333333333335,13.65685424949238,1,image.2904_with_target,False
0.7047610004333034,8225,0.8387841945288754,0.2952389995666967,6899,57,512,0,0,57,512,67.16532258064517,28.663525052657583,1149.3380951166241,0.111328125,997.2964645562816,2,image.2904_with_target,False
0.6146547636887947,14826,0.8827060569270201,0.38534523631120526,13087,74,512,22,0,96,512,64.25390625,28.678341136931387,1180.5512985522207,0.14453125,1052.3858223313766,0,image.6796_with_target,False
0.8123865004612546,8078,0.04468927952463481,0.18761349953874543,361,16,512,0,0,16,512,67.24696356275304,29.596471998325413,1058.0416305603426,0.03125,359.0,1,image.6796_with_target,False
0.4198140621885167,21451,1.1004148990723044,0.5801859378114833,23605,96,512,0,0,96,512,101.88627450980393,2.220847710243849,2383.97265478953,0.1875,938.7279220613578,0,image.2492_with_target,False
0.42033814040559236,23770,0.9828355069415229,0.5796618595944076,23362,96,512,0,0,96,512,101.94552529182879,1.9117060586836552,2194.048773235279,0.1875,934.7279220613578,0,image.7230_with_target,False
0.08178822051916335,21277,0.18696244771349343,0.9182117794808367,3978,96,512,0,0,96,512,102.09765625,2.145633824033341,2353.4163056034263,0.1875,243.49747468305833,0,image.0191_with_target,False
0.43086814946586427,23715,1.0527092557453088,0.5691318505341357,24965,96,512,0,0,96,512,102.65625,1.9362395093324587,2191.5634918610403,0.1875,984.142135623731,0,image.3094_with_target,False
0.6231759823778116,14737,0.8378231661803623,0.37682401762218837,12347,71,512,25,0,96,512,65.05836575875486,30.129172266323035,1170.8944443027283,0.138671875,1045.3147545195113,0,image.4644_with_target,False
0.8188661221120738,8012,0.048302546180728906,0.1811338778879262,387,16,512,0,0,16,512,67.42,29.73394692939368,1067.1543289325507,0.03125,385.0,1,image.4644_with_target,False
0.44097352994931893,23787,1.0867700844999368,0.5590264700506811,25851,96,512,0,0,96,512,102.47450980392156,1.9897623404498614,2185.320851173921,0.1875,1019.5563491861041,0,image.3130_with_target,False
0.41481543289272294,23916,0.9676785415621342,0.5851845671072771,23143,96,512,0,0,96,512,102.75875486381322,1.8951533530923148,2186.391918985787,0.1875,921.5563491861041,0,image.2441_with_target,False
0.42960979020171475,23643,1.040181026096519,0.5703902097982853,24593,96,512,0,0,96,512,102.578125,1.922764022020123,2199.4213562373097,0.1875,974.6274169979696,0,image.0549_with_target,False
0.417379294095656,23768,0.976565129585998,0.582620705904344,23211,96,512,0,0,96,512,102.3671875,2.0362768328112337,2188.592929112563,0.1875,926.9705627484772,0,image.3701_with_target,False
0.4388383131629432,23757,1.081618049417014,0.5611616868370568,25696,96,512,0,0,96,512,102.63813229571984,1.9739020033133896,2190.9777054234137,0.1875,1012.6274169979696,0,image.0882_with_target,False
0.07643062136869316,21305,0.17845576155831963,0.9235693786313068,3802,96,512,0,0,96,512,102.15625,2.0230604137049393,2364.9726547895298,0.1875,236.66904755831214,0,image.1008_with_target,False
0.4314607294851295,23791,1.048926064478164,0.5685392705148705,24955,96,512,0,0,96,512,102.73122529644269,2.0213517569997803,2189.356385079854,0.1875,984.9705627484772,0,image.2875_with_target,False
0.03179262736741684,787,3.9644218551461243,0.9682073726325832,3120,59,64,3,27,62,91,100.92241379310344,2.2824323915241638,355.26197667087547,0.921875,204.50966799187808,0,image.5759_with_target,True
-0.401247804099482,5,1.0,1.401247804099482,5,3,3,2,56,5,59,98.21875,14.506609933779613,5.656854249492381,1.0,5.656854249492381,1,image.5759_with_target,True
0.03107051513930914,2903,1.0141233207027214,0.9689294848606909,2944,58,62,4,32,62,94,102.16521739130435,2.1261536399251835,199.33809511662426,0.9354838709677419,198.50966799187808,0,image.4238_with_target,True
-0.30948203685458964,8,1.0,1.3094820368545896,8,3,4,5,41,8,45,95.87962962962963,1.8989158339187309,7.65685424949238,0.75,7.65685424949238,0,image.0536_with_target,True
0.22166731853815436,1197,0.7744360902255639,0.7783326814618456,927,62,64,0,11,62,75,99.85840707964601,2.0945240726531003,352.6761902332485,0.96875,138.66904755831214,1,image.0536_with_target,True
0.1881338132361109,325,3.2,0.8118661867638891,1040,55,30,7,55,62,85,98.09821428571429,7.555697733485368,134.46803743153546,1.8333333333333333,140.81118318204307,0,image.4387_with_target,True
-0.09964429966992516,13,1.1538461538461537,1.0996442996699252,15,4,6,4,59,8,65,101.27826086956522,14.759844364730865,12.071067811865476,0.6666666666666666,12.48528137423857,1,image.4387_with_target,True
0.14465904775922078,512,2.521484375,0.8553409522407792,1291,58,29,4,22,62,51,94.46428571428571,3.575533355390522,169.58073580374355,2.0,148.91168824543144,2,image.4387_with_target,True
-0.09444261252794495,17,1.1764705882352942,1.094442612527945,20,4,7,3,50,7,57,99.4,16.274198100352713,13.899494936611667,0.5714285714285714,14.485281374238571,3,image.4387_with_target,True
0.1516358073126126,406,2.9285714285714284,0.8483641926873874,1189,57,27,5,39,62,66,95.64864864864865,3.457981103040423,155.2670273047588,2.111111111111111,144.08326112068522,0,image.4671_with_target,True
0.15850580772376677,620,2.2016129032258065,0.8414941922762332,1365,58,35,4,3,62,38,94.33928571428571,4.325079626493622,173.58073580374355,1.6571428571428573,155.63961030678925,1,image.4671_with_target,True
0.22671231080759024,1091,0.8762603116406966,0.7732876891924098,956,62,65,0,48,62,113,100.88392857142857,2.239042906635579,356.889393668845,0.9538461538461539,141.74011537017762,0,image.8740_with_target,True
0.31994197755745046,101,1.1386138613861385,0.6800580224425495,115,5,27,57,59,62,86,96.85365853658537,5.289478629892144,56.72792206135786,0.18518518518518517,55.89949493661167,0,image.1716_with_target,True
0.2677740575073563,41,1.4146341463414633,0.7322259424926437,58,11,16,7,77,18,93,102.18103448275862,9.718981727855915,25.72792206135785,0.6875,36.8700576850888,1,image.1716_with_target,True
0.3072501997244478,88,1.9090909090909092,0.6927498002755522,168,24,22,7,40,31,62,105.03571428571429,9.705418747340296,54.698484809834994,1.0909090909090908,66.32590180780451,2,image.1716_with_target,True
-0.30948203685458964,8,1.0,1.3094820368545896,8,3,4,6,72,9,76,100.71296296296296,9.95643373414055,7.65685424949238,0.75,7.65685424949238,3,image.1716_with_target,True
0.23971851918157216,680,1.275,0.7602814808184278,867,62,67,0,7,62,74,100.97413793103448,2.12725015509562,339.5340546095176,0.9253731343283582,137.29036790187178,0,image.3212_with_target,True
0.02821252418385478,2263,1.0181175430844012,0.9717874758161452,2304,53,55,9,3,62,58,97.75221238938053,1.4666256102204365,175.09545442950497,0.9636363636363636,175.095454429505,0,image.2633_with_target,True
0.02835781221601319,2104,1.018060836501901,0.9716421877839868,2142,52,52,6,25,58,77,97.50434782608696,1.556886039466787,168.8528137423857,1.0,168.8528137423857,0,image.5874_with_target,True
0.025787544584150668,2198,1.0168334849863512,0.9742124554158493,2235,51,54,11,32,62,86,99.28828828828829,1.7776763220786433,172.02438661763952,0.9444444444444444,172.02438661763952,0,image.6613_with_target,True
0.03030072055485411,2195,1.0214123006833713,0.9696992794451459,2242,53,54,6,56,59,110,98.44347826086957,1.5162385056610155,173.92388155425118,0.9814814814814815,173.095454429505,0,image.6899_with_target,True
-0.401247804099482,5,1.0,1.401247804099482,5,3,3,1,78,4,81,94.98823529411764,11.39813619196222,5.656854249492381,1.0,5.656854249492381,0,image.5308_with_target,True
0.25113266444254545,910,0.9164835164835164,0.7488673355574545,834,62,67,0,35,62,102,101.31858407079646,2.262684937831128,354.19090885901,0.9253731343283582,136.70458146424488,1,image.5308_with_target,True
0.03290938302443647,1028,3.0107003891050583,0.9670906169755635,3095,59,64,3,23,62,87,101.40869565217392,2.2684821670348234,362.1614716074871,0.921875,203.92388155425118,0,image.3598_with_target,True
0.033024673913646496,2219,1.021180712032447,0.9669753260863535,2266,54,54,8,49,62,103,98.65789473684211,1.555008587827705,174.50966799187808,1.0,174.50966799187808,0,image.0844_with_target,True
0.026659713474667,2194,1.0168641750227894,0.973340286525333,2231,51,54,11,41,62,95,99.93103448275862,1.9988105856813017,172.02438661763952,0.9444444444444444,172.02438661763952,0,image.4862_with_target,True
0.029789087837508665,1068,2.803370786516854,0.9702109121624913,2994,58,63,4,19,62,82,100.40517241379311,2.243682503646636,353.36857838867365,0.9206349206349206,199.92388155425115,0,image.5697_with_target,True
0.22219405408553994,3128,0.3030690537084399,0.7778059459144601,948,62,64,0,46,62,110,101.30973451327434,2.1823087799238516,205.82337649086284,0.96875,140.3259018078045,0,image.4182_with_target,True
0.2408000379819163,1135,0.7709251101321586,0.7591999620180837,875,62,65,0,21,62,86,100.87272727272727,2.3045768332093615,353.33304448274095,0.9538461538461539,138.11879502661796,0,image.1617_with_target,True
0.02360228077564941,2152,1.0232342007434945,0.9763977192243506,2202,50,53,12,4,62,57,99.41592920353982,1.9403752201540456,177.6812408671319,0.9433962264150944,170.36753236814712,0,image.9670_with_target,True
0.17974535641502132,314,3.6751592356687897,0.8202546435849787,1154,57,31,5,40,62,71,98.28571428571429,5.638560751374306,149.61017305526642,1.8387096774193548,146.81118318204307,0,image.0719_with_target,True
-0.401247804099482,5,1.0,1.401247804099482,5,3,3,3,47,6,50,98.16190476190476,15.021333280196512,5.656854249492381,1.0,5.656854249492381,1,image.0719_with_target,True
0.12364324623374734,507,2.990138067061144,0.8763567537662527,1516,60,31,2,7,62,38,95.6283185840708,3.830928375353455,187.89444430272832,1.935483870967742,157.49747468305833,2,image.0719_with_target,True
-0.401247804099482,5,1.0,1.401247804099482,5,3,3,1,39,4,42,95.63529411764706,13.100379032526034,5.656854249492381,1.0,5.656854249492381,3,image.0719_with_target,True
0.3548201517856612,57,1.3333333333333333,0.6451798482143388,76,5,24,57,69,62,93,89.23287671232876,8.500637442568976,46.48528137423857,0.20833333333333334,47.89949493661167,0,image.3649_with_target,True
-2.0053417241755813,23,1.0,3.0053417241755813,23,9,9,48,96,57,105,106.72566371681415,10.121603800659909,5.656854249492381,1.0,5.656854249492381,1,image.3649_with_target,True
0.13784683985617385,23,1.2608695652173914,0.8621531601438261,29,10,6,38,104,48,110,107.25217391304348,8.76142084790487,20.899494936611667,1.6666666666666667,22.142135623730947,2,image.3649_with_target,True
-0.30948203685458964,8,1.0,1.3094820368545896,8,4,3,36,46,40,49,106.24074074074075,8.53518900219292,7.65685424949238,1.3333333333333333,7.65685424949238,3,image.3649_with_target,True
-0.30948203685458964,8,1.0,1.3094820368545896,8,4,3,30,109,34,112,107.52380952380952,7.691176438708051,7.65685424949238,1.3333333333333333,7.65685424949238,4,image.3649_with_target,True
0.3338292993201566,95,2.1052631578947367,0.6661707006798434,200,31,18,3,45,34,63,106.24778761061947,10.575084236532492,69.18376618407356,1.7222222222222223,75.25483399593904,5,image.3649_with_target,True
-0.401247804099482,5,1.0,1.401247804099482,5,3,3,1,63,4,66,96.56470588235294,12.232499680887244,5.656854249492381,1.0,5.656854249492381,6,image.3649_with_target,True
0.03179856850244922,2249,1.0208981769675411,0.9682014314975508,2296,53,54,3,23,56,77,98.17241379310344,1.3975092502868582,175.43860018001263,0.9814814814814815,175.43860018001263,0,image.5485_with_target,True
0.3217594528320251,59,1.7118644067796611,0.6782405471679749,101,23,13,4,100,27,113,105.67924528301887,9.470457710254719,33.31370849898476,1.7692307692307692,52.526911934581186,0,image.9126_with_target,True
0.2886754240503834,24,1.0,0.7113245759496166,24,2,13,0,76,2,89,94.75384615384615,4.409886686947407,24.414213562373096,0.15384615384615385,24.414213562373096,1,image.9126_with_target,True
0.24821129743779224,711,1.2067510548523206,0.7517887025622078,858,62,65,0,48,62,113,99.88695652173914,2.0462700633158577,289.492424049175,0.9538461538461539,138.118795026618,2,image.9126_with_target,True
-0.401247804099482,5,1.0,1.401247804099482,5,3,3,1,56,4,59,95.56470588235294,11.094722708221163,5.656854249492381,1.0,5.656854249492381,0,image.2223_with_target,True
0.2419121683545974,948,0.95042194092827,0.7580878316454026,901,62,66,0,18,62,84,100.89090909090909,2.175673164564996,357.19090885900994,0.9393939393939394,140.36143571373725,1,image.2223_with_target,True
0.02812884958058548,2183,1.016032982134677,0.9718711504194145,2218,50,54,12,44,62,98,99.5,1.8660500682304473,171.78174593052023,0.9259259259259259,171.78174593052023,0,image.1158_with_target,True
0.024011250775548332,1106,1.9620253164556962,0.9759887492244517,2170,50,53,12,50,62,103,98.73873873873873,1.892192168362617,303.7056274847714,0.9433962264150944,169.19595949289334,0,image.5804_with_target,True
-0.15448181718916132,13,1.0,1.1544818171891613,13,4,5,0,71,4,76,95.48051948051948,11.568666132868403,11.071067811865476,0.8,11.071067811865476,0,image.0263_with_target,True
0.2306072597301534,956,0.950836820083682,0.7693927402698466,909,62,66,0,31,62,97,102.1896551724138,2.0125202637808197,362.0904037956216,0.9393939393939394,138.91168824543144,1,image.0263_with_target,True
0.029745252915146292,2150,1.02,0.9702547470848537,2193,52,54,0,24,52,78,97.72173913043478,1.441905901090374,171.09545442950497,0.9629629629629629,171.095454429505,0,image.2789_with_target,True
-0.401247804099482,861,0.005807200929152149,1.401247804099482,5,59,63,3,27,62,90,100.72566371681415,2.316725594418548,350.3624817342638,0.9365079365079365,5.656854249492381,0,image.9098_with_target,True
0.2498707739290048,792,1.0656565656565657,0.7501292260709952,844,62,67,0,28,62,95,101.4396551724138,2.37184924618138,352.22034611053283,0.9253731343283582,137.29036790187178,0,image.3444_with_target,True
0.21390723911021414,3031,0.33520290333223357,0.7860927608897859,1016,62,63,0,26,62,89,100.75675675675676,2.1147965046661206,204.65180361560903,0.9841269841269841,143.74011537017762,0,image.0825_with_target,True
0.13402977646775327,1065,1.4384976525821596,0.8659702235322467,1532,58,62,4,3,62,65,100.30172413793103,2.1099919414219657,337.2619766708754,0.9354838709677419,160.22539674441617,0,image.9554_with_target,True
-0.07023393679226753,33,0.5151515151515151,1.0702339367922675,17,14,5,34,90,48,95,106.89655172413794,8.79300202781267,24.89949493661166,2.8,13.65685424949238,0,image.9495_with_target,True
-0.09964429966992516,13,1.1538461538461537,1.0996442996699252,15,6,4,27,90,33,94,105.8695652173913,8.177936105240667,12.071067811865476,1.5,12.48528137423857,1,image.9495_with_target,True
-1.583773285115842,17,1.0,2.583773285115842,17,7,7,19,84,26,91,105.23008849557522,8.724909766561854,5.656854249492381,1.0,5.656854249492381,2,image.9495_with_target,True
-0.401247804099482,5,1.0,1.401247804099482,5,3,3,15,77,18,80,105.4424778761062,9.13607848824187,5.656854249492381,1.0,5.656854249492381,3,image.9495_with_target,True
0.23957269185218188,398,0.4798994974874372,0.7604273081478181,191,48,45,14,46,62,91,98.85344827586206,2.0437217164333226,187.96551211459376,1.0666666666666667,64.42640687119285,4,image.9495_with_target,True
0.022665643682397874,2011,1.016907011437096,0.9773343563176021,2045,50,51,9,39,59,90,99.16071428571429,1.8005632622111585,164.02438661763952,0.9803921568627451,164.02438661763952,0,image.8362_with_target,True
0.23534268715060747,962,0.9916839916839917,0.7646573128493925,954,62,65,0,26,62,91,101.30973451327434,2.1701092750827056,377.9188309203678,0.9538461538461539,143.18986283848346,0,image.0840_with_target,True
-0.401247804099482,355,0.014084507042253521,1.401247804099482,5,58,34,4,49,62,83,97.22608695652174,3.790287059371435,162.8528137423857,1.7058823529411764,5.656854249492381,0,image.3035_with_target,True
0.1417016347465072,526,2.88212927756654,0.8582983652534928,1516,59,36,3,20,62,56,95.6896551724138,3.309895802879831,190.23759005323592,1.6388888888888888,160.8111831820431,1,image.3035_with_target,True
0.22119606491945187,1053,1.0047483380816715,0.7788039350805481,1058,62,64,0,33,62,97,101.95652173913044,2.048928900872785,376.5462479183374,0.96875,148.05382386916236,0,image.4001_with_target,True
0.030029950724601462,2990,1.0150501672240804,0.9699700492753985,3035,59,63,3,26,62,89,101.08849557522124,2.037513329665475,202.16652224137047,0.9365079365079365,201.3380951166243,0,image.4550_with_target,True
-0.401247804099482,5,1.0,1.401247804099482,5,3,3,15,72,18,75,106.22123893805309,8.876472345300858,5.656854249492381,1.0,5.656854249492381,0,image.6587_with_target,True
0.2606443521715336,37,1.2702702702702702,0.7393556478284664,47,11,14,4,59,15,73,105.73913043478261,9.371638023518427,19.727922061357855,0.7857142857142857,32.87005768508881,1,image.6587_with_target,True
0.23534268715060747,747,1.2771084337349397,0.7646573128493925,954,62,65,0,15,62,80,100.28695652173913,2.113168720568214,326.2914139223983,0.9538461538461539,143.18986283848346,2,image.6587_with_target,True
0.21100329039909127,295,4.352542372881356,0.7889967096009087,1284,54,51,8,62,62,113,98.3391304347826,2.7055079295577404,180.46803743153546,1.0588235294117647,160.99494936611666,0,image.5044_with_target,True
-0.15377741375516885,13,1.1538461538461537,1.1537774137551688,15,5,6,3,93,8,99,100.2909090909091,13.000241574360667,10.071067811865476,0.8333333333333334,11.899494936611665,1,image.5044_with_target,True
0.19231080254735666,436,2.9862385321100917,0.8076891974526433,1302,59,38,0,45,59,83,95.62727272727273,5.125442935908681,174.2670273047588,1.5526315789473684,158.36753236814712,2,image.5044_with_target,True
0.032080454088585064,2154,1.021355617455896,0.9679195459114149,2200,50,54,12,27,62,81,99.15315315315316,1.693645772755076,171.78174593052023,0.9259259259259259,171.78174593052023,0,image.5855_with_target,True
-0.02526872211456732,16,1.1875,1.0252687221145673,19,4,8,0,46,4,54,94.0,9.693927079477245,12.242640687119286,0.5,15.071067811865474,0,image.8400_with_target,True
0.22545537702038843,1148,0.8092334494773519,0.7745446229796116,929,62,64,0,9,62,73,99.87387387387388,2.0669737513081063,340.6051224213831,0.96875,139.49747468305833,1,image.8400_with_target,True
0.223865463939789,1103,0.8386219401631912,0.776134536060211,925,62,66,0,47,62,113,101.14655172413794,2.1385392627583664,349.40411229460636,0.9393939393939394,138.91168824543144,0,image.0901_with_target,True
0.08987318372548248,2862,0.7410901467505241,0.9101268162745175,2121,57,61,5,52,62,113,101.41071428571429,2.1152236095428183,195.095454429505,0.9344262295081968,179.37972567696687,0,image.2346_with_target,True
0.029315208461540565,2161,1.022674687644609,0.9706847915384594,2210,52,54,7,19,59,73,98.19827586206897,1.7030390056996938,171.6812408671319,0.9629629629629629,171.6812408671319,0,image.6006_with_target,True
0.22684327052820485,3168,0.286300505050505,0.7731567294717951,907,62,64,0,25,62,89,100.33928571428571,2.0465719221793948,206.40916292848976,0.96875,138.08326112068522,0,image.1936_with_target,True
-0.30948203685458964,8,1.0,1.3094820368545896,8,4,3,23,76,27,79,106.75925925925925,8.620464852089937,7.65685424949238,1.3333333333333333,7.65685424949238,0,image.3215_with_target,True
-0.401247804099482,5,1.0,1.401247804099482,5,3,3,7,63,10,66,104.78761061946902,9.06949699304156,5.656854249492381,1.0,5.656854249492381,1,image.3215_with_target,True
-0.401247804099482,551,0.009074410163339383,1.401247804099482,5,59,65,3,15,62,80,100.23478260869565,2.176276975589309,278.1076477383247,0.9076923076923077,5.656854249492381,2,image.3215_with_target,True
0.029870166513110585,1001,3.032967032967033,0.9701298334868894,3036,59,63,3,25,62,88,100.12389380530973,2.1906185466760917,345.0904037956216,0.9365079365079365,201.3380951166243,0,image.8059_with_target,True
0.21922736501955076,3132,0.30140485312899107,0.7807726349804492,944,62,64,0,24,62,88,101.18181818181819,1.9548625535586346,205.82337649086284,0.96875,139.49747468305833,0,image.4553_with_target,True
-0.12895022681570123,19,1.1578947368421053,1.1289502268157012,22,8,7,10,91,18,98,105.68141592920354,8.672268371257264,10.071067811865476,1.1428571428571428,14.727922061357855,0,image.0127_with_target,True
-0.401247804099482,5,1.0,1.401247804099482,5,3,3,5,85,8,88,102.72566371681415,12.303138521525065,5.656854249492381,1.0,5.656854249492381,1,image.0127_with_target,True
-0.401247804099482,5,1.0,1.401247804099482,5,3,3,3,80,6,83,98.66666666666667,14.058833296216072,5.656854249492381,1.0,5.656854249492381,2,image.0127_with_target,True
0.11961607936999952,632,0.08386075949367089,0.8803839206300005,53,62,64,0,39,62,103,100.25225225225225,2.267945327480553,310.7645019878172,0.96875,29.31370849898476,3,image.0127_with_target,True
0.029662415825195687,3015,1.0132669983416251,0.9703375841748043,3055,59,63,3,45,62,108,101.61946902654867,2.1299324185165416,201.92388155425115,0.9365079365079365,201.92388155425118,0,image.1603_with_target,True
0.02920646301103247,984,2.2184959349593494,0.9707935369889675,2183,50,54,12,12,62,66,97.82608695652173,1.3847672512970004,293.8061325481597,0.9259259259259259,170.6101730552664,0,image.3102_with_target,True
0.22621764748175632,3101,0.326668816510803,0.7737823525182437,1013,62,63,0,29,62,92,101.49557522123894,2.1621191415819023,204.99494936611663,0.9841269841269841,145.8111831820431,0,image.2322_with_target,True
-0.06503990291851425,15,1.0666666666666667,1.0650399029185142,16,5,6,57,82,62,88,88.72619047619048,13.219170053982202,11.899494936611665,0.8333333333333334,13.313708498984761,0,image.1720_with_target,True
-0.08735090638562837,26,1.1153846153846154,1.0873509063856284,29,9,10,49,89,58,99,103.86206896551724,12.397786615390709,9.071067811865476,0.9,17.556349186104047,1,image.1720_with_target,True
-0.0834125109845143,52,0.5384615384615384,1.0834125109845143,28,14,12,44,55,58,67,105.88695652173914,9.364841944757186,30.041630560342618,1.1666666666666667,17.31370849898476,2,image.1720_with_target,True
-0.17115793625992382,10,1.2,1.1711579362599238,12,5,4,43,98,48,102,107.31481481481481,8.463044006419638,10.071067811865476,1.25,10.485281374238571,3,image.1720_with_target,True
-0.30948203685458964,8,1.0,1.3094820368545896,8,4,3,30,100,34,103,106.50925925925925,8.177991434071547,7.65685424949238,1.3333333333333333,7.65685424949238,4,image.1720_with_target,True
-0.7724538509055157,8,1.0,1.7724538509055157,8,4,4,19,94,23,98,105.39285714285714,7.760197372831836,5.656854249492381,1.0,5.656854249492381,5,image.1720_with_target,True
0.26411128535615347,78,1.5384615384615385,0.7358887146438465,120,21,15,15,53,36,68,105.81739130434782,9.542201558655703,50.39087296526011,1.4,52.76955262170047,6,image.1720_with_target,True
-0.401247804099482,5,1.0,1.401247804099482,5,3,3,17,57,20,60,105.77876106194691,8.27378257576607,5.656854249492381,1.0,5.656854249492381,0,image.5539_with_target,True
-0.401247804099482,5,1.0,1.401247804099482,5,3,3,9,49,12,52,105.2566371681416,8.595922846112432,5.656854249492381,1.0,5.656854249492381,1,image.5539_with_target,True
-0.13570774916627681,14,1.1428571428571428,1.1357077491662768,16,4,6,5,39,9,45,101.86607142857143,12.107771659819429,12.485281374238571,0.6666666666666666,12.485281374238571,2,image.5539_with_target,True
0.0804452576186454,681,0.0381791483113069,0.9195547423813546,26,58,65,4,0,62,65,100.78947368421052,2.1335814721801194,311.3919189857867,0.8923076923076924,19.656854249492383,3,image.5539_with_target,True
0.19693334911841498,66,1.4848484848484849,0.803066650881585,98,17,13,16,87,33,100,104.82882882882883,9.818968472889672,35.04163056034262,1.3076923076923077,43.698484809834994,0,image.9074_with_target,True
0.04222965401308454,604,3.1043046357615895,0.9577703459869155,1875,50,50,12,51,62,101,100.50892857142857,2.1338912130621077,254.6639969244288,1.0,160.2670273047588,1,image.9074_with_target,True
0.030363545874981246,2157,1.0194714881780251,0.9696364541250188,2199,52,53,5,36,57,89,98.47321428571429,1.7369915567921874,171.4386001800126,0.9811320754716981,171.4386001800126,0,image.1825_with_target,True
-0.2357952410114892,10,1.0,1.2357952410114892,10,4,4,0,40,4,44,94.3012048192771,11.42575292371193,9.071067811865476,1.0,9.071067811865476,0,image.2577_with_target,True
0.3981729989845314,977,0.08290685772773797,0.6018270010154686,81,62,66,0,0,62,66,100.65217391304348,2.3032811312895034,356.33304448274095,0.9393939393939394,53.01219330881976,1,image.2577_with_target,True
0.1979359894329804,2991,0.34837846873955197,0.8020640105670196,1042,62,62,0,39,62,101,100.42857142857143,2.0341472665568774,201.8233764908628,1.0,142.66904755831214,0,image.3341_with_target,True
0.1717845768777596,76,1.0,0.8282154231222404,76,5,18,57,55,62,73,99.75555555555556,12.058478908230793,37.31370849898477,0.2777777777777778,37.31370849898477,0,image.2609_with_target,True
-0.03004282328355745,19,1.1578947368421053,1.0300428232835575,22,8,7,49,42,57,49,102.3963963963964,8.801391453545603,10.071067811865476,1.1428571428571428,16.14213562373095,1,image.2609_with_target,True
0.29136890092344847,71,1.4507042253521127,0.7086310990765515,103,18,21,14,66,32,87,100.78571428571429,12.437291686287491,49.52691193458119,0.8571428571428571,50.76955262170047,2,image.2609_with_target,True
-0.401247804099482,26,0.19230769230769232,1.401247804099482,5,6,13,13,51,19,64,101.53571428571429,9.847886440599261,19.72792206135785,0.46153846153846156,5.656854249492381,3,image.2609_with_target,True
0.021584403853434297,2209,1.013580805794477,0.9784155961465657,2239,51,54,11,10,62,64,98.56896551724138,1.6253601082743356,171.4386001800126,0.9444444444444444,171.43860018001263,0,image.3192_with_target,True
0.027334875564994143,1999,1.0205102551275638,0.9726651244350059,2040,50,51,8,45,58,96,98.0,1.4634182315230266,164.61017305526644,0.9803921568627451,164.61017305526642,0,image.1909_with_target,True
0.03273233929865804,2998,1.015010006671114,0.967267660701342,3043,59,64,3,40,62,104,101.82142857142857,2.1389845960270066,202.99494936611666,0.921875,202.16652224137044,0,image.5203_with_target,True
0.0322047095153043,1035,2.960386473429952,0.9677952904846957,3064,59,64,3,14,62,78,101.1842105263158,2.096638033471197,345.6761902332485,0.921875,202.75230867899737,0,image.7075_with_target,True
0.2293011959679937,1126,0.8197158081705151,0.7706988040320063,923,62,64,0,5,62,69,100.57522123893806,1.9407384313755252,363.16147160748716,0.96875,139.74011537017762,0,image.1928_with_target,True
0.02791861848680055,2141,1.0182157870154134,0.9720813815131994,2180,52,53,10,8,62,61,97.82300884955752,1.3118256446820893,171.09545442950497,0.9811320754716981,170.2670273047588,0,image.6965_with_target,True
0.025569624336393093,2203,1.014979573309124,0.9744303756636069,2236,51,54,11,24,62,78,99.59130434782608,2.0254710763882673,172.02438661763952,0.9444444444444444,172.02438661763952,0,image.3410_with_target,True
0.23920950025336318,196,3.3520408163265305,0.7607904997466368,657,44,31,18,48,62,79,103.78260869565217,11.432815172122934,131.1543289325507,1.4193548387096775,119.43250352560273,0,image.1244_with_target,True
-0.401247804099482,5,1.0,1.401247804099482,5,3,3,15,71,18,74,106.61061946902655,9.039180819175202,5.656854249492381,1.0,5.656854249492381,1,image.1244_with_target,True
-1.0783863689617394,11,1.0,2.0783863689617394,11,5,5,8,64,13,69,106.68141592920354,8.633404446186201,5.656854249492381,1.0,5.656854249492381,2,image.1244_with_target,True
-0.401247804099482,5,1.0,1.401247804099482,5,3,3,5,58,8,61,102.69911504424779,12.966181304606726,5.656854249492381,1.0,5.656854249492381,3,image.1244_with_target,True
0.14510067037722352,427,3.2295081967213113,0.8548993296227765,1379,59,32,3,17,62,49,96.07758620689656,3.303996696972146,177.16652224137047,1.84375,153.9827560572969,4,image.1244_with_target,True
0.22472249902135288,1192,0.799496644295302,0.7752775009786471,953,62,63,0,42,62,105,101.23423423423424,2.3014094974306625,361.889393668845,0.9841269841269841,141.15432893255073,0,image.4845_with_target,True
-1.3447360499173753,14,1.0,2.3447360499173753,14,6,6,48,54,54,60,106.85714285714286,8.783971952670734,5.656854249492381,1.0,5.656854249492381,0,image.3679_with_target,True
-0.401247804099482,5,1.0,1.401247804099482,5,3,3,45,52,48,55,106.64601769911505,9.201693143528063,5.656854249492381,1.0,5.656854249492381,1,image.3679_with_target,True
0.2916885308912932,146,2.9178082191780823,0.7083114691087068,426,31,37,31,72,62,109,105.69090909090909,10.591373380381064,105.08326112068524,0.8378378378378378,103.29646455628165,2,image.3679_with_target,True
-0.401247804099482,5,1.0,1.401247804099482,5,3,3,21,105,24,108,105.86725663716814,7.424551981094757,5.656854249492381,1.0,5.656854249492381,3,image.3679_with_target,True
-0.401247804099482,5,1.0,1.401247804099482,5,3,3,10,99,13,102,105.6283185840708,7.1657922512985035,5.656854249492381,1.0,5.656854249492381,4,image.3679_with_target,True
0.2875126185225757,154,2.4935064935064934,0.7124873814774243,384,41,20,3,47,44,67,105.39285714285714,11.925630518564045,99.39696961966999,2.05,97.49747468305831,5,image.3679_with_target,True
-0.7724538509055157,8,1.0,1.7724538509055157,8,4,4,0,68,4,72,95.9875,11.562324322989733,5.656854249492381,1.0,5.656854249492381,6,image.3679_with_target,True
0.03274721191313579,2215,1.0207674943566591,0.9672527880868642,2261,53,54,3,38,56,92,98.58407079646018,1.6169766594208326,174.2670273047588,0.9814814814814815,174.2670273047588,0,image.0499_with_target,True
0.1321484267655183,404,4.02970297029703,0.8678515732344817,1628,59,38,3,26,62,64,96.51724137931035,3.366884261656644,180.61017305526642,1.5526315789473684,164.8111831820431,0,image.3690_with_target,True
-0.401247804099482,5,1.0,1.401247804099482,5,3,3,3,31,6,34,97.4,15.043809041469201,5.656854249492381,1.0,5.656854249492381,1,image.3690_with_target,True
0.21374443032586232,599,1.6944908180300502,0.7862555696741377,1015,59,30,3,0,62,30,93.94642857142857,4.395288235539211,169.23759005323592,1.9666666666666666,143.63961030678928,2,image.3690_with_target,True
0.026985472835242552,1171,1.8727583262169085,0.9730145271647574,2193,50,54,12,55,62,109,99.8125,2.2619967869751085,293.8061325481597,0.9259259259259259,170.61017305526642,0,image.6590_with_target,True
0.23493458509072873,1088,0.8676470588235294,0.7650654149092713,944,62,65,0,32,62,97,101.76991150442478,2.1575504364843576,383.30360723121805,0.9538461538461539,142.36143571373728,0,image.3237_with_target,True
0.02784672170468283,1147,2.6207497820401047,0.9721532782953172,3006,59,62,3,28,62,90,100.62037037037037,2.2718795962512686,353.91883092036784,0.9516129032258065,199.92388155425118,0,image.1737_with_target,True
0.2236035693811912,3082,0.3163530175210902,0.7763964306188088,975,62,63,0,21,62,84,100.48148148148148,2.1407920024619895,203.82337649086284,0.9841269841269841,142.5685424949238,0,image.3936_with_target,True
-0.11819700563136082,16,1.0625,1.1181970056313608,17,4,6,0,77,4,83,94.925,10.876321758756495,13.071067811865476,0.6666666666666666,13.071067811865476,0,image.1449_with_target,True
0.22471511695836732,1013,0.9002961500493584,0.7752848830416327,912,62,64,0,38,62,102,101.7433628318584,2.1276883507484277,349.16147160748716,0.96875,138.08326112068525,1,image.1449_with_target,True
0.32472566415394355,96,2.3333333333333335,0.6752743358460565,224,24,29,38,52,62,81,105.91304347826087,9.727205432180856,66.698484809835,0.8275862068965517,78.5685424949238,0,image.5578_with_target,True
-0.401247804099482,5,1.0,1.401247804099482,5,3,3,29,18,32,21,106.93805309734513,8.832044618250837,5.656854249492381,1.0,5.656854249492381,1,image.5578_with_target,True
0.32983887664291145,80,1.7875,0.6701611233570886,143,25,18,3,19,28,37,105.94642857142857,9.923672352470314,58.76955262170048,1.3888888888888888,63.25483399593904,2,image.5578_with_target,True
0.027164696011613643,1093,1.9725526075022872,0.9728353039883864,2156,50,53,12,21,62,74,99.04545454545455,1.8160214437879088,294.63455967290594,0.9433962264150944,169.19595949289334,0,image.4992_with_target,True
-0.401247804099482,5,1.0,1.401247804099482,5,3,3,42,28,45,31,106.30088495575221,8.031888828594829,5.656854249492381,1.0,5.656854249492381,0,image.2904_with_target,True
0.3281200845916794,121,2.768595041322314,0.6718799154083206,335,24,38,38,51,62,89,102.84821428571429,10.812699066234053,89.76955262170047,0.631578947368421,96.5685424949238,1,image.2904_with_target,True
-0.30948203685458964,8,1.0,1.3094820368545896,8,4,3,35,26,39,29,107.12037037037037,9.05918563157143,7.65685424949238,1.3333333333333333,7.65685424949238,2,image.2904_with_target,True
-0.30948203685458964,8,1.0,1.3094820368545896,8,4,3,32,87,36,90,107.33333333333333,8.361064968495784,7.65685424949238,1.3333333333333333,7.65685424949238,3,image.2904_with_target,True
-0.401247804099482,5,1.0,1.401247804099482,5,3,3,28,87,31,90,106.27433628318585,7.762227337050002,5.656854249492381,1.0,5.656854249492381,4,image.2904_with_target,True
0.32332401218286344,83,1.7108433734939759,0.6766759878171366,142,25,17,4,26,29,43,106.51754385964912,10.490791664924448,61.18376618407356,1.4705882352941178,62.42640687119285,5,image.2904_with_target,True
0.02705313040738977,2228,1.0170556552962298,0.9729468695926102,2266,52,54,10,22,62,76,97.929203539823,1.6169282259194688,173.4386001800126,0.9629629629629629,173.4386001800126,0,image.6796_with_target,True
0.029832935676069705,713,3.126227208976157,0.9701670643239303,2229,53,54,6,5,59,59,97.81739130434782,1.282542371166516,296.46298679765215,0.9814814814814815,172.50966799187808,0,image.2492_with_target,True
0.22227620422900607,1224,0.7900326797385621,0.7777237957709939,967,62,64,0,6,62,70,99.94690265486726,2.127945986924313,362.0904037956216,0.96875,141.74011537017762,0,image.7230_with_target,True
-1.3447360499173753,14,1.0,2.3447360499173753,14,6,6,9,86,15,92,105.86607142857143,8.337196702251951,5.656854249492381,1.0,5.656854249492381,0,image.0191_with_target,True
-0.009023675577846113,15,1.2666666666666666,1.0090236755778461,19,5,7,4,78,9,85,102.3716814159292,12.514907705291138,14.48528137423857,0.7142857142857143,15.31370849898476,1,image.0191_with_target,True
0.04564454095443404,616,4.741883116883117,0.954355459045566,2921,59,63,3,36,62,99,99.85185185185185,2.0763875985792266,307.7350647362943,0.9365079365079365,200.7523086789974,2,image.0191_with_target,True
0.0817025356090032,39,1.1025641025641026,0.9182974643909968,43,5,12,0,60,5,72,96.10843373493977,12.518912967353163,23.899494936611664,0.4166666666666667,25.31370849898476,3,image.0191_with_target,True
0.21366936528407854,727,1.343878954607978,0.7863306347159215,977,62,63,0,31,62,94,101.0,2.3157788880648944,334.01933598375615,0.9841269841269841,140.91168824543144,0,image.3094_with_target,True
0.02620320197146886,2103,1.014265335235378,0.9737967980285311,2133,49,52,13,28,62,80,100.0695652173913,2.1456598828106968,168.12489168102786,0.9423076923076923,168.12489168102783,0,image.4644_with_target,True
0.23954389022236966,1163,0.7953568357695615,0.7604561097776303,925,62,65,0,48,62,113,101.28571428571429,2.225776635840412,343.2619766708755,0.9538461538461539,141.77564927611036,0,image.3130_with_target,True
-0.19161618898774213,8,1.0,1.1916161889877421,8,2,5,0,41,2,46,94.16923076923077,8.531514845684216,8.414213562373096,0.4,8.414213562373096,0,image.2441_with_target,True
0.24390993107221026,869,0.024165707710011506,0.7560900689277897,21,62,65,0,0,62,65,101.5391304347826,2.056958313803636,360.6345596729059,0.9538461538461539,21.48528137423857,1,image.2441_with_target,True
-0.19161618898774213,8,1.0,1.1916161889877421,8,2,5,60,50,62,55,89.55384615384615,6.506873925628471,8.414213562373096,0.4,8.414213562373096,0,image.0549_with_target,True
0.15102573894646631,1042,1.392514395393474,0.8489742610535337,1451,58,63,4,23,62,86,101.40707964601769,2.322026762483996,339.50461735799473,0.9206349206349206,159.0538238691624,1,image.0549_with_target,True
0.05003826635095254,1008,2.804563492063492,0.9499617336490475,2827,59,65,3,0,62,65,100.91150442477876,2.3293339931727974,354.747258045114,0.9076923076923077,198.40916292848974,0,image.3701_with_target,True
0.03024225428049576,1033,3.0300096805421104,0.9697577457195042,3130,59,64,3,44,62,108,101.74774774774775,2.158029082740635,368.5756851698602,0.921875,204.50966799187808,0,image.0882_with_target,True
-0.08576514648925393,49,0.4489795918367347,1.085765146489254,22,15,15,3,88,18,103,105.16071428571429,8.824229601570014,29.213203435596427,1.0,15.31370849898476,0,image.1008_with_target,True
0.251056454188856,741,1.1025641025641026,0.748943545811144,817,62,68,0,39,62,107,100.84347826086956,2.320387165400097,310.0782104868019,0.9117647058823529,135.2903679018718,1,image.1008_with_target,True
0.029409890016293017,913,3.501642935377875,0.970590109983707,3197,59,65,3,30,62,95,101.70434782608696,2.1057846334550154,342.43354954612926,0.9076923076923077,206.50966799187808,0,image.2875_with_target,True
0.050432431061707805,35,1.1142857142857143,0.9495675689382922,39,5,11,0,57,5,68,96.1219512195122,13.013492289105029,21.899494936611664,0.45454545454545453,23.31370849898476,1,image.2875_with_target,True
