image_name,is_cropped,total_area,roi_area,processing_time
image.1584_with_target,False,19320,19315,-1740975896332.589
image.2375_with_target,False,20704,20686,-1740975896332.5923
image.1081_with_target,False,19272,19264,-1740975896332.7073
image.0401_with_target,False,19796,19796,-1740975896332.805
image.4744_with_target,False,19357,19344,-1740975896332.816
image.8553_with_target,False,19274,19261,-1740975896332.676
image.5135_with_target,False,19392,19379,-1740975896329.701
image.6567_with_target,False,19230,19222,-1740975896332.3518
image.4031_with_target,False,19939,19931,-1740975896332.7148
image.0693_with_target,False,19252,19252,-1740975896332.6836
image.7884_with_target,False,20728,20714,-1740975896332.6772
image.3423_with_target,False,19263,19263,-1740975896332.4597
image.4586_with_target,False,19325,19315,-1740975896332.676
image.9419_with_target,False,19262,19248,-1740975896332.7097
image.7031_with_target,False,19256,19251,-1740975896332.6775
image.3402_with_target,False,19252,19234,-1740975896332.831
image.8347_with_target,False,19412,19399,-1740975896330.0671
image.3307_with_target,False,20685,20672,-1740975896332.1196
image.5821_with_target,False,19266,19256,-1740975896332.2366
image.0319_with_target,False,19359,19343,-1740975896331.259
image.0903_with_target,False,19328,19320,-1740975896332.5435
image.2415_with_target,False,19315,19310,-1740975896332.6162
image.1747_with_target,False,20635,20622,-1740975896332.5022
image.4480_with_target,False,20638,20638,-1740975896333.4282
image.3682_with_target,False,20591,20586,-1740975896333.539
image.7199_with_target,False,20731,20731,-1740975896333.4297
image.7402_with_target,False,19213,19213,-1740975896333.6626
image.9718_with_target,False,19358,19350,-1740975896333.6755
image.8388_with_target,False,19683,19670,-1740975896333.1614
image.9847_with_target,False,19258,19245,-1740975896333.72
image.2274_with_target,False,19322,19322,-1740975896333.3354
image.0418_with_target,False,19267,19257,-1740975896333.3828
image.6230_with_target,False,19234,19234,-1740975896333.4556
image.9426_with_target,False,19365,19354,-1740975896332.8225
image.7347_with_target,False,19420,19415,-1740975896333.3381
image.2619_with_target,False,20682,20682,-1740975896332.473
image.1514_with_target,False,20551,19243,-1740975896333.603
image.6575_with_target,False,19314,19304,-1740975896333.7551
image.9101_with_target,False,19343,19338,-1740975896333.471
image.3301_with_target,False,19346,19336,-1740975896333.231
image.6269_with_target,False,20641,20636,-1740975896333.6453
image.0031_with_target,False,19592,19584,-1740975896333.6843
image.2920_with_target,False,20661,20661,-1740975896333.6875
image.4442_with_target,False,19552,19541,-1740975896333.3096
image.4956_with_target,False,19308,19303,-1740975896333.7278
image.9853_with_target,False,19696,19636,-1740975896333.0254
image.6108_with_target,False,19216,19211,-1740975896333.3718
image.8670_with_target,False,20908,19539,-1740975896333.0735
image.8865_with_target,False,19337,19275,-1740975896333.159
image.1268_with_target,False,19646,19641,-1740975896333.7454
image.6899_with_target,False,19333,19320,-1740975896333.7295
image.9964_with_target,False,19553,19543,-1740975896333.6138
image.9013_with_target,False,20718,20705,-1740975896333.669
image.2836_with_target,False,19295,19287,-1740975896333.61
image.7879_with_target,False,19856,19807,-1740975896333.2158
image.5827_with_target,False,19254,19249,-1740975896333.062
image.7672_with_target,False,19870,19857,-1740975896332.9421
image.8786_with_target,False,19237,19218,-1740975896333.5383
image.8366_with_target,False,20705,20691,-1740975896333.7166
image.6531_with_target,False,19254,19234,-1740975896333.6033
image.1609_with_target,False,19985,19282,-1740975896333.3005
image.4978_with_target,False,19534,19534,-1740975896333.6924
image.1517_with_target,False,20571,20561,-1740975896333.455
image.9565_with_target,False,19224,19210,-1740975896333.1758
image.8484_with_target,False,19654,19649,-1740975896333.4058
image.5396_with_target,False,20703,20703,-1740975896333.0312
image.1126_with_target,False,19265,19260,-1740975896333.431
image.0721_with_target,False,19343,19343,-1740975896333.6924
image.4025_with_target,False,19361,19320,-1740975896333.0142
image.9812_with_target,False,19230,19216,-1740975896333.1785
image.6887_with_target,False,19834,19829,-1740975896332.9106
image.4510_with_target,False,20687,20687,-1740975896333.3398
image.9156_with_target,False,19194,19186,-1740975896333.5276
image.3069_with_target,False,19507,19502,-1740975896333.3896
image.1025_with_target,False,19630,19616,-1740975896333.4038
image.3141_with_target,False,21142,20589,-1740975896333.6653
image.9757_with_target,False,19258,19244,-1740975896333.3555
image.5887_with_target,False,19620,19612,-1740975896332.5083
image.1796_with_target,False,19463,19447,-1740975896333.4707
image.6682_with_target,False,19293,19288,-1740975896333.7
image.4224_with_target,False,20653,20653,-1740975896333.697
image.5255_with_target,False,21199,19798,-1740975896333.609
image.5967_with_target,False,19301,19296,-1740975896333.3726
image.0288_with_target,False,19878,19742,-1740975896333.2852
image.8032_with_target,False,19271,19263,-1740975896333.551
image.8425_with_target,False,19217,19209,-1740975896333.2725
image.7074_with_target,False,19397,19387,-1740975896333.7227
image.4817_with_target,False,19363,19350,-1740975896329.7747
image.8491_with_target,False,19322,19309,-1740975896333.6606
image.8134_with_target,False,20512,20494,-1740975896333.7002
image.5256_with_target,False,20806,20636,-1740975896333.7007
image.3444_with_target,False,19260,19255,-1740975896333.5789
image.8196_with_target,False,19232,19222,-1740975896333.5205
image.9962_with_target,False,20835,20714,-1740975896333.5042
image.7581_with_target,False,19397,19361,-1740975896333.3135
image.1601_with_target,False,19316,19302,-1740975896333.3235
image.1537_with_target,False,20616,20600,-1740975896333.4417
image.3865_with_target,False,19257,19244,-1740975896333.2095
image.7106_with_target,False,20722,20712,-1740975896333.4617
image.5623_with_target,False,20584,20584,-1740975896333.3225
image.2695_with_target,False,19358,19342,-1740975896333.4783
image.0236_with_target,False,20687,20616,-1740975896331.0144
image.5919_with_target,False,20587,20577,-1740975896333.5366
image.7738_with_target,False,19428,19428,-1740975896332.6025
image.5266_with_target,False,19461,19456,-1740975896326.1675
image.6999_with_target,False,19218,19213,-1740975896333.3835
image.4676_with_target,False,20617,20612,-1740975896333.2788
image.4292_with_target,False,20582,20582,-1740975896333.0361
image.9061_with_target,False,19244,19244,-1740975896333.524
image.5403_with_target,False,20651,20646,-1740975896333.6118
image.1098_with_target,False,19695,19661,-1740975896333.3374
image.5284_with_target,False,19699,19691,-1740975896333.4236
image.0366_with_target,False,19246,19235,-1740975896333.6338
image.9614_with_target,False,19250,19245,-1740975896333.6597
image.3090_with_target,False,20622,20617,-1740975896332.7295
image.3349_with_target,False,21138,21138,-1740975896333.4302
image.4009_with_target,False,19613,19605,-1740975896332.895
image.8781_with_target,False,19263,19250,-1740975896333.4814
image.3278_with_target,False,19414,19353,-1740975896331.4185
image.0427_with_target,False,20564,20564,-1740975896333.5784
image.2819_with_target,False,19753,19692,-1740975896333.6086
image.8957_with_target,False,19227,19227,-1740975896333.673
image.1096_with_target,False,19721,19543,-1740975896333.426
image.5525_with_target,False,20846,20846,-1740975896333.6565
image.2206_with_target,False,19780,19767,-1740975896333.2498
image.5035_with_target,False,19519,19514,-1740975896333.0928
image.1024_with_target,False,19441,19352,-1740975896333.5083
image.6347_with_target,False,19279,19274,-1740975896333.477
image.0023_with_target,False,19249,19239,-1740975896333.4348
image.3993_with_target,False,21228,21212,-1740975896333.4504
image.9700_with_target,False,20700,20692,-1740975896333.6812
image.8060_with_target,False,20672,19234,-1740975896333.2417
image.3350_with_target,False,20698,20698,-1740975896333.699
image.9142_with_target,False,19743,19729,-1740975896332.779
image.0780_with_target,False,19570,19557,-1740975896332.1294
image.1610_with_target,False,20731,20726,-1740975896333.0295
image.2055_with_target,False,19802,19776,-1740975896332.9976
image.3102_with_target,False,20955,20942,-1740975896333.391
image.5060_with_target,False,19588,19583,-1740975896333.659
image.4425_with_target,False,19240,19230,-1740975896333.3743
image.5981_with_target,False,19466,19466,-1740975896333.5703
image.3825_with_target,False,20610,20605,-1740975896333.716
image.6051_with_target,False,19298,19285,-1740975896333.545
image.6565_with_target,False,19473,19391,-1740975896332.1912
image.8614_with_target,False,20675,20623,-1740975896333.2397
image.7728_with_target,False,19312,19312,-1740975896331.3176
image.3264_with_target,False,19272,19250,-1740975896332.5664
image.8255_with_target,False,19179,19165,-1740975896333.6704
image.3354_with_target,False,19295,19295,-1740975896333.1992
image.4408_with_target,False,19831,19821,-1740975896333.243
image.5958_with_target,False,19527,19522,-1740975896333.6536
image.5755_with_target,False,19266,19241,-1740975896333.607
image.9096_with_target,False,19502,19491,-1740975896332.9353
image.5068_with_target,False,20684,20670,-1740975896333.654
image.7158_with_target,False,19252,19239,-1740975896333.1995
image.4247_with_target,False,20521,20513,-1740975896332.7437
image.9169_with_target,False,19454,19378,-1740975896333.2388
image.4312_with_target,False,19200,19200,-1740975896333.7102
image.8572_with_target,False,20687,20676,-1740975896332.5432
image.8876_with_target,False,20502,20494,-1740975896333.64
image.8599_with_target,False,19891,19886,-1740975896333.6626
image.4280_with_target,False,19263,19249,-1740975896333.6409
image.9972_with_target,False,19292,19279,-1740975896333.5837
image.4259_with_target,False,19779,19771,-1740975896333.3623
image.1278_with_target,False,20902,20674,-1740975896333.37
image.4929_with_target,False,19898,19898,-1740975896333.4705
image.9258_with_target,False,19264,19264,-1740975896333.6624
image.7180_with_target,False,19440,19432,-1740975896318.8916
image.4896_with_target,False,20634,20621,-1740975896332.1655
image.3030_with_target,False,19896,19877,-1740975896333.3938
image.5152_with_target,False,20826,20777,-1740975896333.2083
image.2782_with_target,False,19296,19220,-1740975896333.5044
image.4505_with_target,False,20713,20688,-1740975896333.159
image.7026_with_target,False,19209,19204,-1740975896333.2256
image.2966_with_target,False,19243,19233,-1740975896333.2058
image.0796_with_target,False,19337,19327,-1740975896333.6218
image.6757_with_target,False,19234,19221,-1740975896333.677
image.8383_with_target,False,19255,19242,-1740975896333.5945
image.3799_with_target,False,19308,19297,-1740975896333.6301
image.7248_with_target,False,19305,19281,-1740975896333.341
image.6937_with_target,False,19591,19586,-1740975896333.5388
image.2607_with_target,False,19876,19866,-1740975896333.3186
image.6131_with_target,False,20719,20682,-1740975896332.796
image.8006_with_target,False,19236,19226,-1740975896333.6362
image.5538_with_target,False,19226,19218,-1740975896333.3093
image.1066_with_target,False,19365,19360,-1740975896333.5146
image.0615_with_target,False,19339,19326,-1740975896333.6282
image.3832_with_target,False,19226,19226,-1740975896333.6443
image.9170_with_target,False,19371,19366,-1740975896332.1316
image.8894_with_target,False,19360,19347,-1740975896331.7766
image.7223_with_target,False,19212,19207,-1740975896333.6216
image.7737_with_target,False,20902,20859,-1740975896333.6072
image.8672_with_target,False,20757,20679,-1740975896333.2568
image.1925_with_target,False,19434,19429,-1740975896332.6777
image.0858_with_target,False,19670,19665,-1740975896333.5894
image.8902_with_target,False,19790,19776,-1740975896333.5798
image.0711_with_target,False,19345,19340,-1740975896333.1167
image.4412_with_target,False,19246,19233,-1740975896333.5884
image.3279_with_target,False,19340,19330,-1740975896328.579
image.9027_with_target,False,19225,19211,-1740975896333.1462
image.3543_with_target,False,19380,19372,-1740975896333.3813
image.1045_with_target,False,19323,19318,-1740975896333.6846
image.7703_with_target,False,21032,21014,-1740975896333.5232
image.0873_with_target,False,20665,20665,-1740975896333.4143
image.7848_with_target,False,20689,20681,-1740975896333.701
image.5777_with_target,False,19446,19446,-1740975896333.5732
image.7489_with_target,False,19755,19732,-1740975896333.4604
image.0394_with_target,False,19348,19314,-1740975896333.5503
image.0404_with_target,False,19234,19234,-1740975896333.6318
image.8435_with_target,False,19671,19671,-1740975896333.3645
image.6237_with_target,False,19680,19600,-1740975896333.0962
image.9755_with_target,False,19314,19306,-1740975896333.4077
image.3913_with_target,False,19255,19255,-1740975896333.3372
image.5957_with_target,False,20140,20029,-1740975896333.7036
image.2886_with_target,False,20649,20644,-1740975896333.4546
image.1891_with_target,False,19610,19602,-1740975896333.5835
image.3750_with_target,False,20648,20648,-1740975896333.5835
image.9776_with_target,False,20651,20646,-1740975896332.5488
image.5724_with_target,False,19277,19243,-1740975896333.6484
image.2579_with_target,False,19307,19277,-1740975896332.9612
image.4013_with_target,False,19707,19697,-1740975896333.6587
image.2444_with_target,False,20594,20551,-1740975896333.725
image.1584_with_target,True,83,83,-1740975896334.224
image.2375_with_target,True,1403,1403,-1740975896334.2334
image.1081_with_target,True,5,5,-1740975896334.3093
image.0401_with_target,True,590,590,-1740975896333.691
image.4744_with_target,True,97,97,-1740975896334.2776
image.8553_with_target,True,10,10,-1740975896334.2874
image.5135_with_target,True,125,125,-1740975896334.379
image.6567_with_target,True,28,28,-1740975896334.139
image.4031_with_target,True,540,540,-1740975896333.6729
image.0693_with_target,True,49,49,-1740975896334.37
image.7884_with_target,True,1367,1367,-1740975896334.2898
image.3423_with_target,True,5,5,-1740975896334.3782
image.4586_with_target,True,65,65,-1740975896333.5474
image.9419_with_target,True,5,5,-1740975896334.3403
image.7031_with_target,True,5,5,-1740975896334.337
image.3402_with_target,True,5,5,-1740975896334.3752
image.8347_with_target,True,99,99,-1740975896334.3647
image.3307_with_target,True,1376,1376,-1740975896334.2878
image.5821_with_target,True,5,5,-1740975896334.379
image.0319_with_target,True,134,134,-1740975896334.2534
image.0903_with_target,True,117,117,-1740975896334.3252
image.2415_with_target,True,52,52,-1740975896334.268
image.1747_with_target,True,1369,1369,-1740975896333.9214
image.4480_with_target,True,701,701,-1740975896334.12
image.3682_with_target,True,510,510,-1740975896334.2698
image.7199_with_target,True,1448,1448,-1740975896334.3452
image.7402_with_target,True,5,5,-1740975896334.3596
image.9718_with_target,True,118,118,-1740975896334.2969
image.8388_with_target,True,343,343,-1740975896333.552
image.9847_with_target,True,5,5,-1740975896333.9612
image.2274_with_target,True,36,36,-1740975896333.864
image.0418_with_target,True,26,26,-1740975896334.2896
image.6230_with_target,True,5,5,-1740975896334.3018
image.9426_with_target,True,94,94,-1740975896334.1807
image.7347_with_target,True,145,145,-1740975896333.9
image.2619_with_target,True,1414,1414,-1740975896334.391
image.1514_with_target,True,5,5,-1740975896334.3586
image.6575_with_target,True,39,39,-1740975896334.3723
image.9101_with_target,True,5,5,-1740975896333.8281
image.3301_with_target,True,63,63,-1740975896334.321
image.6269_with_target,True,1411,1411,-1740975896334.252
image.0031_with_target,True,277,277,-1740975896334.3047
image.2920_with_target,True,1427,1427,-1740975896334.3926
image.4442_with_target,True,127,127,-1740975896334.2417
image.4956_with_target,True,42,42,-1740975896334.1018
image.9853_with_target,True,258,258,-1740975896334.0696
image.6108_with_target,True,5,5,-1740975896333.7861
image.8670_with_target,True,5,5,-1740975896334.0793
image.8865_with_target,True,5,5,-1740975896334.2524
image.1268_with_target,True,252,252,-1740975896334.0713
image.6899_with_target,True,44,44,-1740975896334.2673
image.9964_with_target,True,265,265,-1740975896334.2676
image.9013_with_target,True,1444,1444,-1740975896334.2961
image.2836_with_target,True,5,5,-1740975896334.3613
image.7879_with_target,True,510,510,-1740975896334.3906
image.5827_with_target,True,5,5,-1740975896334.168
image.7672_with_target,True,1236,1236,-1740975896334.2686
image.8786_with_target,True,10,10,-1740975896334.1094
image.8366_with_target,True,1452,1452,-1740975896334.335
image.6531_with_target,True,5,5,-1740975896334.1338
image.1609_with_target,True,5,5,-1740975896334.1384
image.4978_with_target,True,243,243,-1740975896334.2964
image.1517_with_target,True,1350,1350,-1740975896334.2744
image.9565_with_target,True,5,5,-1740975896334.2197
image.8484_with_target,True,194,194,-1740975896334.2468
image.5396_with_target,True,1441,1441,-1740975896334.0674
image.1126_with_target,True,5,5,-1740975896334.3032
image.0721_with_target,True,83,83,-1740975896334.2742
image.4025_with_target,True,65,65,-1740975896334.2769
image.9812_with_target,True,5,5,-1740975896334.3162
image.6887_with_target,True,435,435,-1740975896334.1748
image.4510_with_target,True,1405,1405,-1740975896334.3618
image.9156_with_target,True,5,5,-1740975896334.4082
image.3069_with_target,True,144,144,-1740975896334.1946
image.1025_with_target,True,119,119,-1740975896333.8193
image.3141_with_target,True,1377,1377,-1740975896334.0676
image.9757_with_target,True,5,5,-1740975896334.2527
image.5887_with_target,True,250,250,-1740975896334.258
image.1796_with_target,True,98,98,-1740975896334.3474
image.6682_with_target,True,109,109,-1740975896334.2717
image.4224_with_target,True,1313,1313,-1740975896334.0164
image.5255_with_target,True,390,390,-1740975896334.337
image.5967_with_target,True,59,59,-1740975896334.2437
image.0288_with_target,True,199,199,-1740975896334.2634
image.8032_with_target,True,5,5,-1740975896334.3447
image.8425_with_target,True,5,5,-1740975896334.074
image.7074_with_target,True,110,110,-1740975896334.4001
image.4817_with_target,True,133,133,-1740975896334.3486
image.8491_with_target,True,49,49,-1740975896334.3552
image.8134_with_target,True,1285,1285,-1740975896334.3552
image.5256_with_target,True,1408,1408,-1740975896334.2175
image.3444_with_target,True,5,5,-1740975896334.329
image.8196_with_target,True,5,5,-1740975896334.212
image.9962_with_target,True,1335,1335,-1740975896334.3005
image.7581_with_target,True,101,101,-1740975896333.9805
image.1601_with_target,True,35,35,-1740975896334.221
image.1537_with_target,True,1365,1365,-1740975896334.3381
image.3865_with_target,True,5,5,-1740975896334.2024
image.7106_with_target,True,1421,1421,-1740975896334.273
image.5623_with_target,True,1354,1354,-1740975896334.1301
image.2695_with_target,True,61,61,-1740975896334.1829
image.0236_with_target,True,1356,1356,-1740975896333.8088
image.5919_with_target,True,1368,1368,-1740975896333.9294
image.7738_with_target,True,155,155,-1740975896334.3696
image.5266_with_target,True,148,148,-1740975896334.2202
image.6999_with_target,True,5,5,-1740975896334.2798
image.4676_with_target,True,1343,1343,-1740975896334.3647
image.4292_with_target,True,1384,1384,-1740975896333.532
image.9061_with_target,True,25,25,-1740975896333.231
image.5403_with_target,True,1380,1380,-1740975896334.1316
image.1098_with_target,True,321,321,-1740975896333.908
image.5284_with_target,True,443,443,-1740975896334.2856
image.0366_with_target,True,5,5,-1740975896333.8794
image.9614_with_target,True,5,5,-1740975896334.2349
image.3090_with_target,True,1384,1384,-1740975896334.1152
image.3349_with_target,True,393,393,-1740975896334.2102
image.4009_with_target,True,249,249,-1740975896334.334
image.8781_with_target,True,5,5,-1740975896334.1104
image.3278_with_target,True,5,5,-1740975896334.3135
image.0427_with_target,True,1314,1314,-1740975896334.3135
image.2819_with_target,True,416,416,-1740975896334.0251
image.8957_with_target,True,5,5,-1740975896333.9692
image.1096_with_target,True,5,5,-1740975896333.978
image.5525_with_target,True,1508,1508,-1740975896333.6375
image.2206_with_target,True,489,489,-1740975896334.0352
image.5035_with_target,True,301,301,-1740975896334.3396
image.1024_with_target,True,5,5,-1740975896334.115
image.6347_with_target,True,44,44,-1740975896334.3672
image.0023_with_target,True,5,5,-1740975896334.3318
image.3993_with_target,True,1607,1607,-1740975896334.0881
image.9700_with_target,True,1506,1506,-1740975896334.3193
image.8060_with_target,True,5,5,-1740975896333.1138
image.3350_with_target,True,1372,1372,-1740975896334.201
image.9142_with_target,True,426,426,-1740975896334.2542
image.0780_with_target,True,279,279,-1740975896332.7974
image.1610_with_target,True,1370,1370,-1740975896334.3333
image.2055_with_target,True,422,422,-1740975896334.1592
image.3102_with_target,True,178,178,-1740975896334.4258
image.5060_with_target,True,299,299,-1740975896334.343
image.4425_with_target,True,5,5,-1740975896334.2705
image.5981_with_target,True,242,242,-1740975896334.2522
image.3825_with_target,True,1397,1397,-1740975896333.6868
image.6051_with_target,True,25,25,-1740975896334.3118
image.6565_with_target,True,128,128,-1740975896334.2104
image.8614_with_target,True,1378,1378,-1740975896334.2031
image.7728_with_target,True,96,96,-1740975896334.38
image.3264_with_target,True,13,13,-1740975896334.3752
image.8255_with_target,True,5,5,-1740975896334.4333
image.3354_with_target,True,5,5,-1740975896334.4353
image.4408_with_target,True,500,500,-1740975896334.3848
image.5958_with_target,True,194,194,-1740975896334.2761
image.5755_with_target,True,5,5,-1740975896334.3733
image.9096_with_target,True,161,161,-1740975896334.3447
image.5068_with_target,True,1369,1369,-1740975896334.354
image.7158_with_target,True,5,5,-1740975896334.3499
image.4247_with_target,True,611,611,-1740975896334.2063
image.9169_with_target,True,146,146,-1740975896334.3752
image.4312_with_target,True,5,5,-1740975896334.3257
image.8572_with_target,True,1421,1421,-1740975896334.4104
image.8876_with_target,True,1223,1223,-1740975896334.351
image.8599_with_target,True,643,643,-1740975896334.382
image.4280_with_target,True,20,20,-1740975896334.3914
image.9972_with_target,True,51,51,-1740975896334.373
image.4259_with_target,True,549,549,-1740975896334.3862
image.1278_with_target,True,1395,1395,-1740975896334.421
image.4929_with_target,True,537,537,-1740975896334.4524
image.9258_with_target,True,18,18,-1740975896334.457
image.7180_with_target,True,270,270,-1740975896334.4219
image.4896_with_target,True,1376,1376,-1740975896334.298
image.3030_with_target,True,1420,1420,-1740975896334.2908
image.5152_with_target,True,1392,1392,-1740975896334.3125
image.2782_with_target,True,5,5,-1740975896334.3875
image.4505_with_target,True,1438,1438,-1740975896334.0588
image.7026_with_target,True,5,5,-1740975896334.293
image.2966_with_target,True,5,5,-1740975896334.3362
image.0796_with_target,True,83,83,-1740975896334.2788
image.6757_with_target,True,5,5,-1740975896334.367
image.8383_with_target,True,5,5,-1740975896334.3796
image.3799_with_target,True,24,24,-1740975896334.118
image.7248_with_target,True,29,29,-1740975896334.3503
image.6937_with_target,True,307,307,-1740975896334.0718
image.2607_with_target,True,576,576,-1740975896334.3696
image.6131_with_target,True,1431,1431,-1740975896334.3057
image.8006_with_target,True,5,5,-1740975896334.3745
image.5538_with_target,True,5,5,-1740975896334.4026
image.1066_with_target,True,5,5,-1740975896334.3474
image.0615_with_target,True,83,83,-1740975896334.371
image.3832_with_target,True,5,5,-1740975896334.3562
image.9170_with_target,True,144,144,-1740975896334.3604
image.8894_with_target,True,106,106,-1740975896334.3643
image.7223_with_target,True,5,5,-1740975896334.2705
image.7737_with_target,True,1488,1488,-1740975896334.3564
image.8672_with_target,True,1428,1428,-1740975896333.9424
image.1925_with_target,True,144,144,-1740975896334.3994
image.0858_with_target,True,468,468,-1740975896334.3252
image.8902_with_target,True,563,563,-1740975896334.3516
image.0711_with_target,True,100,100,-1740975896333.9602
image.4412_with_target,True,5,5,-1740975896333.9697
image.3279_with_target,True,61,61,-1740975896333.6006
image.9027_with_target,True,8,8,-1740975896334.3286
image.3543_with_target,True,13,13,-1740975896334.3462
image.1045_with_target,True,97,97,-1740975896334.4102
image.7703_with_target,True,475,475,-1740975896334.331
image.0873_with_target,True,1428,1428,-1740975896334.1755
image.7848_with_target,True,1389,1389,-1740975896334.2988
image.5777_with_target,True,180,180,-1740975896334.1824
image.7489_with_target,True,451,451,-1740975896334.1453
image.0394_with_target,True,30,30,-1740975896334.1582
image.0404_with_target,True,5,5,-1740975896334.2395
image.8435_with_target,True,431,431,-1740975896334.3657
image.6237_with_target,True,278,278,-1740975896333.319
image.9755_with_target,True,54,54,-1740975896334.3176
image.3913_with_target,True,5,5,-1740975896334.326
image.5957_with_target,True,429,429,-1740975896334.3147
image.2886_with_target,True,1390,1390,-1740975896334.3765
image.1891_with_target,True,394,394,-1740975896334.352
image.3750_with_target,True,1427,1427,-1740975896333.7883
image.9776_with_target,True,675,675,-1740975896334.329
image.5724_with_target,True,5,5,-1740975896334.2207
image.2579_with_target,True,5,5,-1740975896334.3735
image.4013_with_target,True,407,407,-1740975896334.264
image.2444_with_target,True,1286,1286,-1740975896334.3577
image.5759_with_target,False,23723,23723,-1740975896332.338
image.4238_with_target,False,23543,23543,-1740975896329.6829
image.0536_with_target,False,23812,23812,-1740975896332.68
image.4387_with_target,False,23536,23536,-1740975896332.679
image.4671_with_target,False,23678,23678,-1740975896332.7197
image.8740_with_target,False,23843,23843,-1740975896332.811
image.1716_with_target,False,21230,21091,-1740975896332.6355
image.3212_with_target,False,33151,33151,-1740975896332.8618
image.2633_with_target,False,26016,26016,-1740975896332.561
image.5874_with_target,False,23009,23009,-1740975896332.6711
image.6613_with_target,False,22871,22871,-1740975896332.7273
image.6899_with_target,False,22952,22952,-1740975896332.7773
image.5308_with_target,False,24020,24020,-1740975896331.9302
image.3598_with_target,False,23738,23738,-1740975896332.7915
image.0844_with_target,False,22921,22921,-1740975896332.744
image.4862_with_target,False,22806,22806,-1740975896330.1946
image.5697_with_target,False,23696,23696,-1740975896332.7048
image.4182_with_target,False,23671,23671,-1740975896332.5354
image.1617_with_target,False,23816,23816,-1740975896332.8813
image.9670_with_target,False,22882,22882,-1740975896332.6863
image.0719_with_target,False,23805,23805,-1740975896332.4658
image.3649_with_target,False,20948,20948,-1740975896333.6401
image.5485_with_target,False,23120,23120,-1740975896333.3313
image.9126_with_target,False,21381,21381,-1740975896333.5586
image.2223_with_target,False,23908,23908,-1740975896333.6006
image.5213_with_target,False,20779,20779,-1740975896333.086
image.1158_with_target,False,22834,22834,-1740975896333.4368
image.5804_with_target,False,22808,22808,-1740975896333.003
image.0263_with_target,False,23838,23838,-1740975896333.6675
image.2789_with_target,False,22924,22924,-1740975896333.5781
image.9098_with_target,False,21507,21507,-1740975896332.2402
image.3444_with_target,False,23978,23978,-1740975896333.6912
image.0825_with_target,False,23631,23631,-1740975896328.394
image.9554_with_target,False,23629,23629,-1740975896332.9783
image.9495_with_target,False,21193,21193,-1740975896332.5542
image.8362_with_target,False,22815,22815,-1740975896333.6309
image.0840_with_target,False,25900,25900,-1740975896332.2266
image.3035_with_target,False,23666,23666,-1740975896333.638
image.5214_with_target,False,20740,20740,-1740975896332.4062
image.4001_with_target,False,23630,23630,-1740975896333.1575
image.4550_with_target,False,33584,33584,-1740975896333.1865
image.6587_with_target,False,23411,23411,-1740975896333.4229
image.5044_with_target,False,23945,23945,-1740975896333.6057
image.5855_with_target,False,22808,22803,-1740975896333.6128
image.8400_with_target,False,23852,23852,-1740975896333.6748
image.0901_with_target,False,23755,23755,-1740975896333.4292
image.2346_with_target,False,23561,23561,-1740975896331.9854
image.6006_with_target,False,22986,22986,-1740975896332.9495
image.1936_with_target,False,23797,23797,-1740975896332.7598
image.3215_with_target,False,21272,21272,-1740975896333.674
image.8059_with_target,False,23697,23697,-1740975896332.7769
image.4553_with_target,False,23747,23747,-1740975896333.6775
image.0127_with_target,False,21194,21194,-1740975896332.8704
image.1603_with_target,False,23713,23713,-1740975896333.7158
image.3102_with_target,False,22837,22837,-1740975896333.5413
image.2322_with_target,False,23762,23762,-1740975896333.293
image.1720_with_target,False,20922,20922,-1740975896333.4185
image.5539_with_target,False,21399,21399,-1740975896333.7454
image.9074_with_target,False,21254,21254,-1740975896333.344
image.1825_with_target,False,22993,22993,-1740975896333.707
image.2577_with_target,False,23922,23922,-1740975896333.6306
image.3341_with_target,False,23681,23681,-1740975896333.5234
image.2609_with_target,False,20860,20860,-1740975896333.518
image.3192_with_target,False,22916,22916,-1740975896333.7
image.1909_with_target,False,22720,22720,-1740975896333.523
image.5203_with_target,False,23720,23720,-1740975896332.7021
image.7075_with_target,False,23536,23536,-1740975896333.6785
image.1928_with_target,False,45968,45968,-1740975896333.0457
image.6965_with_target,False,22783,22783,-1740975896333.5002
image.3410_with_target,False,22846,22846,-1740975896333.6282
image.1244_with_target,False,21331,21331,-1740975896333.7263
image.4845_with_target,False,23719,23719,-1740975896333.7302
image.3679_with_target,False,21078,21078,-1740975896332.8982
image.0226_with_target,False,20734,20699,-1740975896333.5085
image.0499_with_target,False,23027,23027,-1740975896333.6436
image.3690_with_target,False,23781,23781,-1740975896333.4946
image.6590_with_target,False,22831,22831,-1740975896333.121
image.3237_with_target,False,23795,23795,-1740975896333.578
image.1737_with_target,False,23658,23658,-1740975896333.5972
image.3936_with_target,False,23763,23763,-1740975896333.5789
image.1449_with_target,False,23778,23778,-1740975896333.4326
image.0069_with_target,False,20714,20714,-1740975896333.689
image.5578_with_target,False,20978,20978,-1740975896333.3713
image.4992_with_target,False,22812,22812,-1740975896333.7087
image.2904_with_target,False,20968,20968,-1740975896333.623
image.6796_with_target,False,22904,22904,-1740975896333.4387
image.2492_with_target,False,21451,21451,-1740975896333.58
image.7230_with_target,False,23770,23770,-1740975896333.192
image.0191_with_target,False,21277,21277,-1740975896333.6672
image.3094_with_target,False,23715,23715,-1740975896331.1948
image.4644_with_target,False,22749,22749,-1740975896333.725
image.3130_with_target,False,23787,23787,-1740975896333.663
image.2441_with_target,False,23916,23916,-1740975896333.7441
image.0549_with_target,False,23643,23643,-1740975896333.7073
image.3701_with_target,False,23768,23768,-1740975896333.485
image.0882_with_target,False,23757,23757,-1740975896333.5774
image.1008_with_target,False,21305,21305,-1740975896333.6885
image.2875_with_target,False,23791,23791,-1740975896333.7476
image.5759_with_target,True,792,792,-1740975896333.202
image.4238_with_target,True,2903,2903,-1740975896334.2556
image.0536_with_target,True,1205,1205,-1740975896329.9983
image.4387_with_target,True,867,867,-1740975896334.2285
image.4671_with_target,True,1026,1026,-1740975896334.2642
image.8740_with_target,True,1091,1091,-1740975896334.2795
image.1716_with_target,True,238,238,-1740975896334.184
image.3212_with_target,True,680,680,-1740975896334.2432
image.2633_with_target,True,2263,2263,-1740975896334.2263
image.5874_with_target,True,2104,2104,-1740975896334.0225
image.6613_with_target,True,2198,2198,-1740975896334.337
image.6899_with_target,True,2195,2195,-1740975896334.2202
image.5308_with_target,True,915,915,-1740975896333.5652
image.3598_with_target,True,1028,1028,-1740975896334.015
image.0844_with_target,True,2219,2219,-1740975896334.2896
image.4862_with_target,True,2194,2194,-1740975896334.219
image.5697_with_target,True,1068,1068,-1740975896334.215
image.4182_with_target,True,3128,3128,-1740975896334.2424
image.1617_with_target,True,1135,1135,-1740975896334.356
image.9670_with_target,True,2152,2152,-1740975896333.9705
image.0719_with_target,True,831,831,-1740975896334.2974
image.3649_with_target,True,219,219,-1740975896334.2827
image.5485_with_target,True,2249,2249,-1740975896334.2556
image.9126_with_target,True,794,794,-1740975896334.328
image.2223_with_target,True,953,953,-1740975896334.2207
image.1158_with_target,True,2183,2183,-1740975896334.2812
image.5804_with_target,True,1106,1106,-1740975896334.318
image.0263_with_target,True,969,969,-1740975896334.2402
image.2789_with_target,True,2150,2150,-1740975896334.375
image.9098_with_target,True,861,861,-1740975896334.2754
image.3444_with_target,True,792,792,-1740975896334.3267
image.0825_with_target,True,3031,3031,-1740975896334.2202
image.9554_with_target,True,1065,1065,-1740975896334.3113
image.9495_with_target,True,466,466,-1740975896334.225
image.8362_with_target,True,2011,2011,-1740975896334.2432
image.0840_with_target,True,962,962,-1740975896333.8274
image.3035_with_target,True,881,881,-1740975896334.1497
image.4001_with_target,True,1053,1053,-1740975896334.3228
image.4550_with_target,True,2990,2990,-1740975896334.3096
image.6587_with_target,True,789,789,-1740975896334.3894
image.5044_with_target,True,744,744,-1740975896334.2493
image.5855_with_target,True,2154,2154,-1740975896334.3496
image.8400_with_target,True,1164,1164,-1740975896334.2834
image.0901_with_target,True,1103,1103,-1740975896334.281
image.2346_with_target,True,2862,2862,-1740975896334.1465
image.6006_with_target,True,2161,2161,-1740975896334.2766
image.1936_with_target,True,3168,3168,-1740975896334.3127
image.3215_with_target,True,564,564,-1740975896334.0474
image.8059_with_target,True,1001,1001,-1740975896334.3289
image.4553_with_target,True,3132,3132,-1740975896334.365
image.0127_with_target,True,661,661,-1740975896334.1497
image.1603_with_target,True,3015,3015,-1740975896334.1865
image.3102_with_target,True,984,984,-1740975896334.3008
image.2322_with_target,True,3101,3101,-1740975896334.3342
image.1720_with_target,True,197,197,-1740975896334.2231
image.5539_with_target,True,705,705,-1740975896334.354
image.9074_with_target,True,670,670,-1740975896334.1208
image.1825_with_target,True,2157,2157,-1740975896334.376
image.2577_with_target,True,987,987,-1740975896334.2424
image.3341_with_target,True,2991,2991,-1740975896334.048
image.2609_with_target,True,192,192,-1740975896334.3455
image.3192_with_target,True,2209,2209,-1740975896334.0457
image.1909_with_target,True,1999,1999,-1740975896334.3455
image.5203_with_target,True,2998,2998,-1740975896333.8948
image.7075_with_target,True,1035,1035,-1740975896334.305
image.1928_with_target,True,1126,1126,-1740975896334.1921
image.6965_with_target,True,2141,2141,-1740975896334.3372
image.3410_with_target,True,2203,2203,-1740975896334.382
image.1244_with_target,True,644,644,-1740975896334.1396
image.4845_with_target,True,1192,1192,-1740975896334.1326
image.3679_with_target,True,337,337,-1740975896333.7922
image.0499_with_target,True,2215,2215,-1740975896333.981
image.3690_with_target,True,1008,1008,-1740975896334.3396
image.6590_with_target,True,1171,1171,-1740975896334.3079
image.3237_with_target,True,1088,1088,-1740975896334.1619
image.1737_with_target,True,1147,1147,-1740975896334.3425
image.3936_with_target,True,3082,3082,-1740975896333.8542
image.1449_with_target,True,1029,1029,-1740975896333.879
image.5578_with_target,True,181,181,-1740975896334.3691
image.4992_with_target,True,1093,1093,-1740975896334.342
image.2904_with_target,True,230,230,-1740975896334.3857
image.6796_with_target,True,2228,2228,-1740975896334.3252
image.2492_with_target,True,713,713,-1740975896334.306
image.7230_with_target,True,1224,1224,-1740975896334.3562
image.0191_with_target,True,684,684,-1740975896334.0056
image.3094_with_target,True,727,727,-1740975896334.2725
image.4644_with_target,True,2103,2103,-1740975896334.153
image.3130_with_target,True,1163,1163,-1740975896334.1982
image.2441_with_target,True,877,877,-1740975896334.195
image.0549_with_target,True,1050,1050,-1740975896334.3533
image.3701_with_target,True,1008,1008,-1740975896334.0798
image.0882_with_target,True,1033,1033,-1740975896334.2434
image.1008_with_target,True,790,790,-1740975896334.3179
image.2875_with_target,True,948,948,-1740975896334.0537
image.2150_with_target,False,20087,20004,-1740975896332.254
image.1726_with_target,False,20054,20046,-1740975896332.298
image.4999_with_target,False,20322,19982,-1740975896329.4585
image.7777_with_target,False,20328,20328,-1740975896332.4111
image.0862_with_target,False,20020,20008,-1740975896332.6455
image.7459_with_target,False,20027,19993,-1740975896329.763
image.0929_with_target,False,20029,20029,-1740975896330.0957
image.4941_with_target,False,19990,19990,-1740975896332.8083
image.9224_with_target,False,20249,20249,-1740975896331.4011
image.2643_with_target,False,19997,19997,-1740975896332.7715
image.6993_with_target,False,20652,20034,-1740975896332.699
image.5647_with_target,False,19998,19998,-1740975896332.62
image.0917_with_target,False,20029,20029,-1740975896332.7166
image.3423_with_target,False,20736,20736,-1740975896332.4824
image.6814_with_target,False,20378,20378,-1740975896332.6191
image.4122_with_target,False,19979,19979,-1740975896332.8237
image.1905_with_target,False,19964,19964,-1740975896332.8325
image.3575_with_target,False,20006,19959,-1740975896332.7192
image.9012_with_target,False,20160,20160,-1740975896331.4233
image.7613_with_target,False,20089,20081,-1740975896332.603
image.3555_with_target,False,20716,20623,-1740975896332.251
image.8132_with_target,False,20688,20688,-1740975896333.6655
image.9176_with_target,False,19956,19956,-1740975896332.4832
image.7643_with_target,False,19996,19985,-1740975896333.6433
image.8809_with_target,False,19966,19966,-1740975896333.5637
image.3553_with_target,False,20670,20004,-1740975896333.248
image.0903_with_target,False,21610,21593,-1740975896332.8586
image.7382_with_target,False,20122,20122,-1740975896332.6758
image.7569_with_target,False,20059,20054,-1740975896330.8782
image.3417_with_target,False,20039,20039,-1740975896332.758
image.2418_with_target,False,21557,21535,-1740975896333.5623
image.2783_with_target,False,20583,20583,-1740975896333.0283
image.3682_with_target,False,20014,20014,-1740975896333.6667
image.0154_with_target,False,20680,20680,-1740975896330.9402
image.8281_with_target,False,19959,19959,-1740975896330.0063
image.2508_with_target,False,19961,19939,-1740975896332.1274
image.9041_with_target,False,19952,19952,-1740975896332.334
image.6069_with_target,False,19978,19978,-1740975896332.63
image.7441_with_target,False,19950,19950,-1740975896332.9985
image.6520_with_target,False,20262,20262,-1740975896333.1938
image.9748_with_target,False,20016,20016,-1740975896333.6523
image.2763_with_target,False,19979,19979,-1740975896333.7246
image.6091_with_target,False,19953,19953,-1740975896333.603
image.9263_with_target,False,19944,19944,-1740975896333.3352
image.9977_with_target,False,19911,19911,-1740975896333.5405
image.9262_with_target,False,20620,20598,-1740975896333.4905
image.0424_with_target,False,20084,20033,-1740975896333.531
image.9199_with_target,False,20520,20520,-1740975896333.2668
image.5702_with_target,False,20634,20634,-1740975896333.6404
image.5182_with_target,False,20029,20029,-1740975896333.6611
image.2313_with_target,False,20035,20035,-1740975896333.5825
image.6417_with_target,False,19964,19964,-1740975896333.291
image.0060_with_target,False,20202,20016,-1740975896333.5276
image.4090_with_target,False,20348,20343,-1740975896333.6458
image.1240_with_target,False,19984,19984,-1740975896333.3745
image.6232_with_target,False,19984,19984,-1740975896333.1328
image.1480_with_target,False,20767,20759,-1740975896333.303
image.2877_with_target,False,19974,19974,-1740975896333.6895
image.1089_with_target,False,19997,19997,-1740975896333.4246
image.5115_with_target,False,20022,20022,-1740975896333.5093
image.7735_with_target,False,20060,20060,-1740975896333.4888
image.8832_with_target,False,19996,19996,-1740975896333.7046
image.6424_with_target,False,19969,19969,-1740975896332.6462
image.6883_with_target,False,20641,20320,-1740975896332.923
image.9677_with_target,False,20749,20749,-1740975896333.5154
image.2797_with_target,False,19986,19986,-1740975896331.656
image.6540_with_target,False,20110,20110,-1740975896333.5098
image.0984_with_target,False,20124,20021,-1740975896332.8965
image.9361_with_target,False,20758,20758,-1740975896333.3633
image.6703_with_target,False,19986,19986,-1740975896332.6753
image.9334_with_target,False,20625,20617,-1740975896333.2058
image.9853_with_target,False,20081,20081,-1740975896332.2476
image.8924_with_target,False,20307,20307,-1740975896333.6687
image.9109_with_target,False,19973,19973,-1740975896333.2134
image.2504_with_target,False,20400,20395,-1740975896332.7366
image.8865_with_target,False,19990,19990,-1740975896332.9675
image.7950_with_target,False,20026,20026,-1740975896333.529
image.6994_with_target,False,20703,20703,-1740975896333.0532
image.9452_with_target,False,20592,20592,-1740975896332.137
image.1913_with_target,False,20805,20735,-1740975896332.2563
image.7833_with_target,False,20275,20275,-1740975896333.4407
image.3795_with_target,False,20519,20519,-1740975896333.493
image.1710_with_target,False,19965,19965,-1740975896333.2344
image.3191_with_target,False,20046,20046,-1740975896333.6682
image.8504_with_target,False,20005,19943,-1740975896333.3418
image.8985_with_target,False,19966,19966,-1740975896333.4338
image.8964_with_target,False,19993,19993,-1740975896333.4502
image.3156_with_target,False,19999,19999,-1740975896333.6804
image.7463_with_target,False,19961,19961,-1740975896333.6738
image.5921_with_target,False,19993,19993,-1740975896333.5676
image.9084_with_target,False,19911,19911,-1740975896333.469
image.0368_with_target,False,20267,20234,-1740975896333.439
image.6531_with_target,False,19960,19960,-1740975896333.435
image.6889_with_target,False,19967,19967,-1740975896333.4163
image.6862_with_target,False,19974,19974,-1740975896333.176
image.6584_with_target,False,20241,20241,-1740975896333.6409
image.1540_with_target,False,19956,19956,-1740975896333.6777
image.7650_with_target,False,19997,19997,-1740975896333.6257
image.2276_with_target,False,20024,20024,-1740975896333.5745
image.6633_with_target,False,19988,19988,-1740975896333.4375
image.2512_with_target,False,20216,20208,-1740975896333.436
image.1107_with_target,False,19941,19941,-1740975896333.5842
image.2233_with_target,False,20713,20713,-1740975896333.683
image.0721_with_target,False,20022,20022,-1740975896333.073
image.1215_with_target,False,20007,19971,-1740975896333.0933
image.7907_with_target,False,20016,20016,-1740975896333.658
image.5816_with_target,False,20008,20008,-1740975896330.7263
image.5963_with_target,False,20555,20555,-1740975896333.5415
image.9099_with_target,False,19963,19963,-1740975896333.618
image.4257_with_target,False,19975,19975,-1740975896331.833
image.2249_with_target,False,20042,20042,-1740975896333.1277
image.3932_with_target,False,20033,20033,-1740975896333.7163
image.8654_with_target,False,20033,20025,-1740975896333.381
image.9515_with_target,False,20689,20689,-1740975896329.4666
image.1504_with_target,False,20049,20049,-1740975896331.6704
image.8412_with_target,False,19990,19990,-1740975896333.648
image.2447_with_target,False,19935,19935,-1740975896333.4875
image.3490_with_target,False,20045,20045,-1740975896333.5142
image.9173_with_target,False,19995,19995,-1740975896332.5134
image.7492_with_target,False,20012,20012,-1740975896332.5356
image.4965_with_target,False,20126,20012,-1740975896333.409
image.9444_with_target,False,19988,19988,-1740975896332.754
image.5077_with_target,False,20043,20027,-1740975896333.7302
image.7116_with_target,False,19971,19971,-1740975896333.4539
image.3112_with_target,False,20043,20022,-1740975896333.6494
image.7849_with_target,False,20704,20704,-1740975896333.7148
image.9744_with_target,False,20033,20033,-1740975896333.6902
image.3429_with_target,False,20053,20053,-1740975896333.5222
image.6398_with_target,False,20102,20102,-1740975896333.293
image.0231_with_target,False,20101,20101,-1740975896333.658
image.1060_with_target,False,19968,19963,-1740975896333.6794
image.0240_with_target,False,20650,20650,-1740975896333.5867
image.9251_with_target,False,19982,19982,-1740975896333.4634
image.3242_with_target,False,20806,20778,-1740975896331.6812
image.0690_with_target,False,20041,20041,-1740975896333.6436
image.8746_with_target,False,20440,20430,-1740975896332.9856
image.4108_with_target,False,19979,19979,-1740975896333.4612
image.6160_with_target,False,19905,19905,-1740975896333.4797
image.1451_with_target,False,20334,20329,-1740975896332.6206
image.0532_with_target,False,20076,20068,-1740975896333.0251
image.8294_with_target,False,20012,19994,-1740975896333.693
image.7325_with_target,False,20019,20019,-1740975896333.6885
image.4730_with_target,False,19969,19961,-1740975896333.488
image.3220_with_target,False,19987,19987,-1740975896333.2817
image.9259_with_target,False,20953,20953,-1740975896333.5195
image.8501_with_target,False,19986,19986,-1740975896333.7249
image.8992_with_target,False,19995,19968,-1740975896333.5151
image.5926_with_target,False,19995,19995,-1740975896333.7222
image.3815_with_target,False,19992,19992,-1740975896333.7075
image.9465_with_target,False,20004,20004,-1740975896333.4548
image.8092_with_target,False,20838,20838,-1740975896333.6377
image.5717_with_target,False,20007,19978,-1740975896333.6455
image.3737_with_target,False,20651,20576,-1740975896333.6448
image.6157_with_target,False,19958,19945,-1740975896332.785
image.0848_with_target,False,20035,20035,-1740975896333.3428
image.0746_with_target,False,20066,20052,-1740975896333.5564
image.6154_with_target,False,20608,20608,-1740975896333.362
image.1681_with_target,False,20023,20023,-1740975896333.2688
image.2779_with_target,False,20065,20052,-1740975896333.4153
image.7300_with_target,False,19882,19882,-1740975896333.6047
image.3078_with_target,False,20055,20055,-1740975896331.2715
image.4191_with_target,False,21082,20051,-1740975896333.6113
image.4088_with_target,False,20470,20024,-1740975896333.0974
image.5047_with_target,False,20046,20046,-1740975896332.9712
image.0469_with_target,False,20171,20139,-1740975896333.444
image.0101_with_target,False,19956,19956,-1740975896333.3323
image.8339_with_target,False,20054,20038,-1740975896332.8733
image.0580_with_target,False,20075,20075,-1740975896333.5835
image.2017_with_target,False,20006,20006,-1740975896333.6316
image.7733_with_target,False,20055,19979,-1740975896331.68
image.4096_with_target,False,20456,20456,-1740975896333.7195
image.0695_with_target,False,20086,20040,-1740975896333.2651
image.8619_with_target,False,20119,20119,-1740975896333.6638
image.8759_with_target,False,20142,20113,-1740975896333.4172
image.2715_with_target,False,20059,20040,-1740975896333.63
image.6697_with_target,False,20082,20071,-1740975896332.2234
image.6078_with_target,False,19959,19959,-1740975896332.4402
image.4184_with_target,False,19992,19992,-1740975896333.2354
image.4767_with_target,False,20021,20021,-1740975896332.7344
image.8913_with_target,False,19954,19944,-1740975896333.1438
image.7583_with_target,False,20000,20000,-1740975896333.6775
image.9567_with_target,False,20962,20962,-1740975896333.516
image.2433_with_target,False,20603,20603,-1740975896333.689
image.7069_with_target,False,19990,19990,-1740975896333.0042
image.7762_with_target,False,20016,20016,-1740975896333.5957
image.5333_with_target,False,19978,19978,-1740975896333.4194
image.6006_with_target,False,20004,20004,-1740975896333.5623
image.9912_with_target,False,19966,19966,-1740975896333.4087
image.3278_with_target,False,19997,19997,-1740975896333.1506
image.3041_with_target,False,19988,19988,-1740975896333.1736
image.4719_with_target,False,20979,20979,-1740975896331.927
image.9651_with_target,False,19983,19983,-1740975896333.7302
image.2821_with_target,False,20063,20025,-1740975896333.5254
image.0077_with_target,False,20032,20032,-1740975896333.5361
image.7124_with_target,False,19953,19953,-1740975896333.5657
image.7894_with_target,False,20028,20028,-1740975896333.5134
image.9189_with_target,False,19956,19956,-1740975896333.2595
image.4055_with_target,False,19981,19981,-1740975896333.396
image.2499_with_target,False,20233,20233,-1740975896333.3987
image.3500_with_target,False,20837,20837,-1740975896333.3962
image.0757_with_target,False,19963,19963,-1740975896333.4343
image.7086_with_target,False,20793,20782,-1740975896333.503
image.6477_with_target,False,19976,19976,-1740975896333.6277
image.0627_with_target,False,20081,20081,-1740975896333.442
image.9005_with_target,False,19966,19966,-1740975896333.5317
image.2099_with_target,False,20641,20641,-1740975896332.8057
image.0780_with_target,False,20798,20798,-1740975896333.6902
image.7766_with_target,False,20036,20036,-1740975896333.4265
image.8411_with_target,False,20122,20114,-1740975896333.6528
image.0797_with_target,False,20065,20065,-1740975896333.3435
image.6859_with_target,False,20004,20004,-1740975896333.6455
image.2482_with_target,False,20007,20007,-1740975896333.7012
image.1767_with_target,False,20076,20030,-1740975896333.6284
image.4841_with_target,False,19973,19968,-1740975896333.6423
image.3854_with_target,False,20189,20176,-1740975896333.3767
image.1812_with_target,False,20057,20034,-1740975896330.8484
image.7723_with_target,False,20115,20107,-1740975896332.1218
image.4156_with_target,False,20634,20634,-1740975896331.2083
image.5479_with_target,False,19985,19985,-1740975896333.3486
image.8414_with_target,False,19994,19994,-1740975896333.6465
image.7497_with_target,False,20071,20071,-1740975896333.1382
image.1907_with_target,False,19971,19971,-1740975896333.5537
image.3354_with_target,False,20002,20002,-1740975896333.4844
image.6546_with_target,False,21571,21531,-1740975896332.1958
image.2551_with_target,False,20309,20006,-1740975896333.5713
image.4044_with_target,False,21004,21004,-1740975896333.6348
image.9561_with_target,False,19993,19993,-1740975896333.6003
image.0625_with_target,False,20106,20093,-1740975896333.2043
image.4476_with_target,False,20046,20046,-1740975896330.5715
image.9411_with_target,False,20047,20028,-1740975896333.3245
image.6294_with_target,False,19981,19981,-1740975896333.4197
image.7905_with_target,False,20020,20020,-1740975896333.33
image.0768_with_target,False,20019,20019,-1740975896332.8994
image.7909_with_target,False,20007,20007,-1740975896333.2908
image.6701_with_target,False,19970,19962,-1740975896333.2588
image.7627_with_target,False,20030,20030,-1740975896333.7295
image.0788_with_target,False,20133,20072,-1740975896332.9832
image.1594_with_target,False,20040,20007,-1740975896332.4146
image.5439_with_target,False,20615,20615,-1740975896333.4995
image.1502_with_target,False,20137,20137,-1740975896333.6223
image.5687_with_target,False,20236,20236,-1740975896333.6978
image.2647_with_target,False,19967,19967,-1740975896333.2642
image.0493_with_target,False,20056,20056,-1740975896333.5518
image.5750_with_target,False,19977,19977,-1740975896333.4043
image.2884_with_target,False,19980,19980,-1740975896330.8525
image.2106_with_target,False,20140,20020,-1740975896333.5918
image.7064_with_target,False,19987,19987,-1740975896333.4595
image.8136_with_target,False,19997,19965,-1740975896333.134
image.0230_with_target,False,20070,20032,-1740975896332.9983
image.8599_with_target,False,19936,19936,-1740975896333.5957
image.9375_with_target,False,20217,20217,-1740975896333.441
image.8249_with_target,False,20031,20031,-1740975896333.6978
image.9104_with_target,False,20170,20170,-1740975896333.2446
image.8905_with_target,False,20781,20781,-1740975896332.5923
image.6310_with_target,False,19996,19996,-1740975896333.579
image.9588_with_target,False,20399,20399,-1740975896333.1997
image.8687_with_target,False,19977,19977,-1740975896330.1748
image.8790_with_target,False,20534,20534,-1740975896327.8696
image.7965_with_target,False,20030,20030,-1740975896332.4792
image.4164_with_target,False,20571,20571,-1740975896332.1453
image.1002_with_target,False,19954,19954,-1740975896333.6643
image.3784_with_target,False,20045,20045,-1740975896333.6292
image.4770_with_target,False,19974,19974,-1740975896333.6438
image.1663_with_target,False,19970,19970,-1740975896333.4863
image.8482_with_target,False,20086,20041,-1740975896332.1929
image.8591_with_target,False,19980,19980,-1740975896333.4053
image.0576_with_target,False,20070,20070,-1740975896333.1877
image.9698_with_target,False,20278,20242,-1740975896333.3938
image.4012_with_target,False,19985,19985,-1740975896333.028
image.3577_with_target,False,20039,19986,-1740975896333.3076
image.3166_with_target,False,20557,20557,-1740975896333.1736
image.5714_with_target,False,20005,20005,-1740975896333.501
image.0612_with_target,False,20057,20057,-1740975896333.0376
image.8101_with_target,False,20604,20604,-1740975896332.8274
image.2846_with_target,False,20009,20009,-1740975896333.3381
image.1831_with_target,False,20807,20807,-1740975896333.4753
image.1839_with_target,False,19995,19995,-1740975896333.704
image.4310_with_target,False,20355,20355,-1740975896333.624
image.3381_with_target,False,20080,20012,-1740975896333.364
image.4505_with_target,False,19985,19985,-1740975896333.2378
image.2863_with_target,False,20019,20019,-1740975896333.514
image.0738_with_target,False,20023,20023,-1740975896333.3816
image.2084_with_target,False,20036,20036,-1740975896333.6477
image.5993_with_target,False,20126,20109,-1740975896333.423
image.1044_with_target,False,20001,19989,-1740975896333.3252
image.9115_with_target,False,19985,19985,-1740975896333.4275
image.2242_with_target,False,20056,20056,-1740975896333.4575
image.2075_with_target,False,20320,20301,-1740975896333.4604
image.1549_with_target,False,19990,19990,-1740975896332.9126
image.7640_with_target,False,20055,20055,-1740975896333.107
image.6131_with_target,False,20122,20083,-1740975896333.5835
image.2998_with_target,False,19970,19970,-1740975896333.3787
image.9018_with_target,False,20708,20708,-1740975896333.4585
image.9538_with_target,False,20012,20007,-1740975896333.6643
image.5394_with_target,False,20012,20012,-1740975896331.9873
image.7780_with_target,False,20157,20152,-1740975896333.6392
image.6844_with_target,False,20695,20643,-1740975896331.9177
image.7046_with_target,False,19966,19966,-1740975896333.4976
image.5748_with_target,False,20789,20789,-1740975896332.2703
image.1561_with_target,False,20060,20036,-1740975896332.5278
image.8407_with_target,False,20639,20639,-1740975896333.0576
image.9231_with_target,False,19971,19971,-1740975896333.5256
image.8046_with_target,False,20398,20398,-1740975896333.2578
image.5342_with_target,False,19980,19980,-1740975896333.4026
image.0246_with_target,False,20004,19984,-1740975896332.993
image.9791_with_target,False,20045,20045,-1740975896333.1187
image.1628_with_target,False,20006,20006,-1740975896333.674
image.1410_with_target,False,20029,20029,-1740975896333.6575
image.4050_with_target,False,19972,19972,-1740975896333.582
image.1246_with_target,False,19913,19913,-1740975896333.724
image.7494_with_target,False,20098,20098,-1740975896333.3076
image.3353_with_target,False,19978,19978,-1740975896333.595
image.8495_with_target,False,20106,20101,-1740975896333.5898
image.2184_with_target,False,20058,20058,-1740975896333.6067
image.7480_with_target,False,21357,21357,-1740975896333.6704
image.3051_with_target,False,19984,19984,-1740975896333.6748
image.7846_with_target,False,20740,20538,-1740975896333.4905
image.0513_with_target,False,20521,20521,-1740975896333.0146
image.6331_with_target,False,20045,20045,-1740975896332.7976
image.0720_with_target,False,20073,20006,-1740975896333.5503
image.5302_with_target,False,20366,20039,-1740975896333.0278
image.6309_with_target,False,20085,20085,-1740975896333.4404
image.9735_with_target,False,19995,19995,-1740975896333.621
image.7782_with_target,False,20002,20002,-1740975896333.6638
image.8219_with_target,False,20681,20681,-1740975896333.6726
image.7573_with_target,False,20012,20012,-1740975896333.1096
image.4138_with_target,False,19952,19952,-1740975896333.1824
image.0551_with_target,False,20031,20031,-1740975896333.648
image.0654_with_target,False,20040,20040,-1740975896333.4832
image.3773_with_target,False,20280,20236,-1740975896333.131
image.1449_with_target,False,20298,20013,-1740975896333.3098
image.8783_with_target,False,19920,19920,-1740975896333.598
image.2281_with_target,False,20029,20013,-1740975896329.4453
image.5578_with_target,False,20961,20961,-1740975896333.0972
image.3607_with_target,False,20311,20311,-1740975896333.564
image.6929_with_target,False,19999,19999,-1740975896333.3955
image.4694_with_target,False,20136,20136,-1740975896333.31
image.6334_with_target,False,19970,19970,-1740975896333.6797
image.0049_with_target,False,20896,20713,-1740975896333.6428
image.0637_with_target,False,20042,20034,-1740975896333.6975
image.0038_with_target,False,21555,21555,-1740975896333.0457
image.3198_with_target,False,20059,20059,-1740975896332.8909
image.4318_with_target,False,19974,19957,-1740975896333.6528
image.7036_with_target,False,21476,21471,-1740975896333.4863
image.0885_with_target,False,19986,19986,-1740975896333.4365
image.2173_with_target,False,20056,20056,-1740975896333.2393
image.9648_with_target,False,19989,19981,-1740975896333.588
image.6495_with_target,False,19961,19961,-1740975896332.7593
image.3652_with_target,False,20037,20037,-1740975896333.5115
image.4785_with_target,False,19983,19978,-1740975896331.8215
image.5904_with_target,False,20087,20087,-1740975896332.9553
image.5940_with_target,False,19959,19945,-1740975896333.1934
image.8180_with_target,False,20127,20127,-1740975896333.4055
image.2964_with_target,False,20080,20080,-1740975896332.6753
image.7552_with_target,False,20236,20236,-1740975896333.4844
image.9083_with_target,False,19971,19971,-1740975896333.263
image.0191_with_target,False,20097,20092,-1740975896333.3765
image.9326_with_target,False,20049,20049,-1740975896333.4272
image.6595_with_target,False,19974,19974,-1740975896333.4429
image.6791_with_target,False,19988,19988,-1740975896333.542
image.5450_with_target,False,20077,20077,-1740975896333.1582
image.5859_with_target,False,19957,19957,-1740975896333.4653
image.2423_with_target,False,20018,20018,-1740975896333.4924
image.6806_with_target,False,19996,19996,-1740975896333.6829
image.0313_with_target,False,20839,20839,-1740975896333.4492
image.1780_with_target,False,20022,20022,-1740975896333.5876
image.5069_with_target,False,20927,20927,-1740975896333.2974
image.5001_with_target,False,20745,20745,-1740975896333.3323
image.5253_with_target,False,19976,19976,-1740975896333.3455
image.9793_with_target,False,19975,19975,-1740975896332.9143
image.1874_with_target,False,20428,20401,-1740975896332.7332
image.5208_with_target,False,19972,19972,-1740975896333.5925
image.5957_with_target,False,19974,19974,-1740975896333.488
image.5992_with_target,False,20251,19997,-1740975896333.6897
image.6639_with_target,False,20181,20181,-1740975896332.2988
image.4458_with_target,False,20012,20012,-1740975896333.8079
image.2304_with_target,False,20609,20581,-1740975896333.566
image.5537_with_target,False,20068,20057,-1740975896333.4104
image.2390_with_target,False,19957,19957,-1740975896333.4595
image.2469_with_target,False,20155,20155,-1740975896332.5374
image.9600_with_target,False,20103,20103,-1740975896329.2163
image.2012_with_target,False,20078,20011,-1740975896328.1826
image.0335_with_target,False,20028,20028,-1740975896332.9448
image.8293_with_target,False,20017,19963,-1740975896333.4192
image.8612_with_target,False,20620,20620,-1740975896332.5103
image.9094_with_target,False,20292,20287,-1740975896333.444
image.8973_with_target,False,19987,19987,-1740975896332.5332
image.7777_with_target,True,233,233,-1740975896334.0366
image.9224_with_target,True,313,313,-1740975896334.2634
image.6993_with_target,True,38,38,-1740975896334.3333
image.3423_with_target,True,541,541,-1740975896334.225
image.6814_with_target,True,303,303,-1740975896334.3281
image.9012_with_target,True,312,312,-1740975896334.3127
image.4387_with_target,True,67,67,-1740975896334.2988
image.7613_with_target,True,52,52,-1740975896333.4236
image.3555_with_target,True,482,482,-1740975896334.0688
image.8132_with_target,True,777,777,-1740975896334.2202
image.5821_with_target,True,60,60,-1740975896334.3118
image.7643_with_target,True,5,5,-1740975896334.2498
image.0903_with_target,True,1515,1515,-1740975896334.337
image.7382_with_target,True,119,119,-1740975896334.3013
image.7569_with_target,True,121,121,-1740975896334.314
image.2418_with_target,True,1480,1480,-1740975896334.129
image.2783_with_target,True,409,409,-1740975896333.9873
image.1912_with_target,True,48,48,-1740975896333.5603
image.0154_with_target,True,640,640,-1740975896334.251
image.4221_with_target,True,8,8,-1740975896334.2908
image.0407_with_target,True,82,82,-1740975896334.3872
image.4973_with_target,True,110,110,-1740975896334.231
image.6520_with_target,True,428,428,-1740975896334.2288
image.9262_with_target,True,488,488,-1740975896333.9937
image.9199_with_target,True,546,546,-1740975896333.9248
image.5702_with_target,True,500,500,-1740975896333.8525
image.0025_with_target,True,39,39,-1740975896334.3123
image.2307_with_target,True,21,21,-1740975896334.2742
image.4090_with_target,True,312,312,-1740975896334.2236
image.1480_with_target,True,733,733,-1740975896334.224
image.1089_with_target,True,44,44,-1740975896334.211
image.7735_with_target,True,80,80,-1740975896334.3057
image.6883_with_target,True,324,324,-1740975896334.2368
image.9677_with_target,True,623,623,-1740975896333.9495
image.6540_with_target,True,138,138,-1740975896334.2983
image.1018_with_target,True,5,5,-1740975896333.996
image.9361_with_target,True,716,716,-1740975896334.3625
image.9334_with_target,True,637,637,-1740975896334.3186
image.2960_with_target,True,10,10,-1740975896334.322
image.9853_with_target,True,274,274,-1740975896334.234
image.2685_with_target,True,78,78,-1740975896334.306
image.8924_with_target,True,354,354,-1740975896334.4216
image.2504_with_target,True,554,554,-1740975896334.331
image.8865_with_target,True,8,8,-1740975896334.3684
image.6994_with_target,True,711,711,-1740975896333.955
image.9452_with_target,True,563,563,-1740975896334.2131
image.1913_with_target,True,717,717,-1740975896333.9875
image.7833_with_target,True,208,208,-1740975896334.144
image.3795_with_target,True,414,414,-1740975896332.793
image.8964_with_target,True,19,19,-1740975896334.333
image.5921_with_target,True,5,5,-1740975896334.1743
image.1637_with_target,True,5,5,-1740975896334.3633
image.0368_with_target,True,277,277,-1740975896334.2302
image.1870_with_target,True,60,60,-1740975896334.3687
image.6584_with_target,True,349,349,-1740975896334.239
image.1540_with_target,True,26,26,-1740975896334.2214
image.0093_with_target,True,85,85,-1740975896333.9207
image.6633_with_target,True,95,95,-1740975896334.2446
image.1047_with_target,True,14,14,-1740975896334.0193
image.2512_with_target,True,181,181,-1740975896333.567
image.5194_with_target,True,89,89,-1740975896334.2778
image.3864_with_target,True,61,61,-1740975896334.1523
image.2233_with_target,True,663,663,-1740975896334.183
image.0721_with_target,True,21,21,-1740975896334.2446
image.5963_with_target,True,555,555,-1740975896333.8418
image.0220_with_target,True,196,196,-1740975896334.235
image.3932_with_target,True,43,43,-1740975896334.254
image.8654_with_target,True,5,5,-1740975896334.2126
image.9515_with_target,True,621,621,-1740975896334.0347
image.4965_with_target,True,38,38,-1740975896334.1216
image.7849_with_target,True,572,572,-1740975896334.0525
image.9744_with_target,True,35,35,-1740975896334.202
image.6398_with_target,True,117,117,-1740975896334.3145
image.0231_with_target,True,5,5,-1740975896334.269
image.0240_with_target,True,552,552,-1740975896334.2947
image.3242_with_target,True,602,602,-1740975896334.0396
image.8746_with_target,True,478,478,-1740975896334.3464
image.1451_with_target,True,273,273,-1740975896334.3032
image.7325_with_target,True,80,80,-1740975896334.3533
image.4885_with_target,True,133,133,-1740975896334.3108
image.9259_with_target,True,759,759,-1740975896334.1638
image.3309_with_target,True,31,31,-1740975896334.3008
image.4154_with_target,True,265,265,-1740975896334.0872
image.8092_with_target,True,825,825,-1740975896334.2808
image.5227_with_target,True,605,605,-1740975896334.278
image.3737_with_target,True,463,463,-1740975896334.3718
image.6154_with_target,True,507,507,-1740975896334.215
image.3078_with_target,True,60,60,-1740975896333.242
image.4191_with_target,True,19,19,-1740975896334.2112
image.0469_with_target,True,237,237,-1740975896334.2756
image.2940_with_target,True,42,42,-1740975896333.8853
image.5488_with_target,True,62,62,-1740975896334.302
image.0580_with_target,True,30,30,-1740975896334.3184
image.4096_with_target,True,653,653,-1740975896334.268
image.8619_with_target,True,145,145,-1740975896334.2983
image.8759_with_target,True,162,162,-1740975896332.0354
image.2715_with_target,True,93,93,-1740975896334.388
image.6697_with_target,True,92,92,-1740975896333.9114
image.1989_with_target,True,102,102,-1740975896334.3
image.1368_with_target,True,961,961,-1740975896334.0437
image.5258_with_target,True,58,58,-1740975896334.1792
image.3383_with_target,True,70,70,-1740975896334.009
image.5328_with_target,True,84,84,-1740975896334.0356
image.8913_with_target,True,86,86,-1740975896334.2146
image.9567_with_target,True,859,859,-1740975896334.0742
image.2433_with_target,True,502,502,-1740975896334.254
image.4748_with_target,True,155,155,-1740975896334.3157
image.6006_with_target,True,8,8,-1740975896334.3489
image.4719_with_target,True,977,977,-1740975896334.168
image.5140_with_target,True,5,5,-1740975896333.9531
image.9651_with_target,True,5,5,-1740975896334.3567
image.1096_with_target,True,62,62,-1740975896334.2366
image.2385_with_target,True,14,14,-1740975896332.5938
image.4352_with_target,True,65,65,-1740975896334.3376
image.2499_with_target,True,184,184,-1740975896334.1948
image.3500_with_target,True,710,710,-1740975896334.2405
image.7086_with_target,True,610,610,-1740975896334.329
image.0094_with_target,True,14,14,-1740975896333.9048
image.2099_with_target,True,560,560,-1740975896334.358
image.1843_with_target,True,55,55,-1740975896334.2673
image.0780_with_target,True,508,508,-1740975896333.987
image.8411_with_target,True,181,181,-1740975896334.395
image.0329_with_target,True,1536,1536,-1740975896334.1995
image.0797_with_target,True,25,25,-1740975896334.3445
image.6859_with_target,True,27,27,-1740975896334.0981
image.3854_with_target,True,274,274,-1740975896334.2373
image.7723_with_target,True,176,176,-1740975896332.8936
image.4156_with_target,True,566,566,-1740975896334.376
image.1593_with_target,True,52,52,-1740975896334.3108
image.3485_with_target,True,55,55,-1740975896334.347
image.6546_with_target,True,1510,1510,-1740975896334.1743
image.4044_with_target,True,991,991,-1740975896332.3599
image.4476_with_target,True,94,94,-1740975896334.3794
image.3731_with_target,True,36,36,-1740975896334.204
image.5260_with_target,True,65,65,-1740975896334.3347
image.0788_with_target,True,44,44,-1740975896334.3708
image.5439_with_target,True,716,716,-1740975896334.317
image.5687_with_target,True,352,352,-1740975896334.3413
image.0493_with_target,True,5,5,-1740975896334.1917
image.8136_with_target,True,10,10,-1740975896334.1301
image.0230_with_target,True,32,32,-1740975896334.255
image.0737_with_target,True,73,73,-1740975896334.3276
image.9375_with_target,True,171,171,-1740975896334.2566
image.8249_with_target,True,65,65,-1740975896334.2646
image.9104_with_target,True,61,61,-1740975896334.1719
image.8905_with_target,True,816,816,-1740975896334.3306
image.8790_with_target,True,531,531,-1740975896334.1094
image.4164_with_target,True,481,481,-1740975896334.102
image.8482_with_target,True,85,85,-1740975896334.3508
image.8591_with_target,True,23,23,-1740975896334.1833
image.9698_with_target,True,241,241,-1740975896333.9604
image.3166_with_target,True,411,411,-1740975896334.3174
image.8101_with_target,True,498,498,-1740975896334.3125
image.1831_with_target,True,618,618,-1740975896334.3154
image.4310_with_target,True,373,373,-1740975896333.5964
image.4505_with_target,True,5,5,-1740975896334.2424
image.2111_with_target,True,135,135,-1740975896334.3674
image.2684_with_target,True,80,80,-1740975896334.0708
image.5993_with_target,True,142,142,-1740975896334.2822
image.2075_with_target,True,407,407,-1740975896334.3374
image.7640_with_target,True,28,28,-1740975896334.3623
image.6131_with_target,True,194,194,-1740975896334.3406
image.9018_with_target,True,534,534,-1740975896334.3862
image.3204_with_target,True,65,65,-1740975896334.266
image.2552_with_target,True,365,365,-1740975896334.3137
image.7780_with_target,True,189,189,-1740975896334.1848
image.6844_with_target,True,580,580,-1740975896334.2168
image.2416_with_target,True,89,89,-1740975896334.0789
image.5748_with_target,True,775,775,-1740975896333.802
image.8407_with_target,True,605,605,-1740975896334.3254
image.8046_with_target,True,301,301,-1740975896334.3142
image.5342_with_target,True,15,15,-1740975896334.3198
image.9791_with_target,True,71,71,-1740975896334.1584
image.1628_with_target,True,5,5,-1740975896334.3345
image.1410_with_target,True,10,10,-1740975896334.3174
image.8495_with_target,True,196,196,-1740975896334.365
image.7480_with_target,True,1376,1376,-1740975896334.359
image.7846_with_target,True,325,325,-1740975896334.2568
image.0513_with_target,True,315,315,-1740975896334.3118
image.4667_with_target,True,280,280,-1740975896334.106
image.6331_with_target,True,81,81,-1740975896334.3423
image.0720_with_target,True,8,8,-1740975896334.3423
image.6309_with_target,True,133,133,-1740975896334.2178
image.9735_with_target,True,29,29,-1740975896334.2766
image.7782_with_target,True,5,5,-1740975896334.3232
image.8219_with_target,True,554,554,-1740975896333.9402
image.3773_with_target,True,284,284,-1740975896334.2976
image.5837_with_target,True,54,54,-1740975896334.2397
image.5578_with_target,True,891,891,-1740975896334.2883
image.3607_with_target,True,269,269,-1740975896334.3318
image.4694_with_target,True,318,318,-1740975896334.3225
image.0049_with_target,True,715,715,-1740975896334.3574
image.0038_with_target,True,1524,1524,-1740975896334.2798
image.5665_with_target,True,11,11,-1740975896334.354
image.3198_with_target,True,143,143,-1740975896334.3828
image.7036_with_target,True,1466,1466,-1740975896334.32
image.9648_with_target,True,17,17,-1740975896334.3367
image.6495_with_target,True,10,10,-1740975896334.1257
image.5904_with_target,True,90,90,-1740975896334.3057
image.8180_with_target,True,64,64,-1740975896334.184
image.5530_with_target,True,13,13,-1740975896334.1873
image.2964_with_target,True,99,99,-1740975896334.3442
image.7552_with_target,True,357,357,-1740975896334.2944
image.9083_with_target,True,19,19,-1740975896334.3147
image.0191_with_target,True,97,97,-1740975896334.3447
image.9326_with_target,True,63,63,-1740975896334.3525
image.5450_with_target,True,5,5,-1740975896334.2893
image.0313_with_target,True,770,770,-1740975896334.2283
image.5069_with_target,True,800,800,-1740975896334.3616
image.5001_with_target,True,400,400,-1740975896334.3433
image.3152_with_target,True,131,131,-1740975896334.167
image.1874_with_target,True,313,313,-1740975896334.3274
image.5992_with_target,True,47,47,-1740975896334.3762
image.6639_with_target,True,376,376,-1740975896334.2197
image.4306_with_target,True,60,60,-1740975896334.2585
image.5724_with_target,True,50,50,-1740975896334.3008
image.2304_with_target,True,606,606,-1740975896334.0723
image.5537_with_target,True,61,61,-1740975896334.302
image.2469_with_target,True,251,251,-1740975896334.2664
image.9600_with_target,True,69,69,-1740975896334.32
image.8293_with_target,True,92,92,-1740975896334.2437
image.8612_with_target,True,652,652,-1740975896334.3054
image.9094_with_target,True,328,328,-1740975896334.2766
image.8973_with_target,True,5,5,-1740975896334.3723
image.1942_with_target,True,62,62,-1740975896334.2585
